果的只有一号链接，能做到一号链接，大家如果想买，就一号链接了七型维生素k二。	0
您再久一点呢,酸疼肿胀.如果你拖着不管它不问,它就跟我们平时啃的骨头一样,外面那层包裹的脆骨呢,它没有办法用了.那这个时候呢,人工支架什么时候把你就要需要用起来了,是不是两年用一次一次呢?	2
想在短时间内达到身材管理指标	2
说你一直不管它,它就会越来越窄,时间久了就会被堵住,就得冲冲它,对不对?还不管它人工支架就得用起来了到时候,不是花几十块钱的事儿了一次就得,几万块.人也是一样的,所以家人们还没有吃起来深海鱼肉蛋,咱吃的,现在活动给自己准备上,抓紧时间吃起来.	2
这些产品它们对身体是没有任何的负担的	2
如果说你想要用我们家试吃名额的，你现在去下单，因为我们今天给到大家是六幺八的返场，但是今天是最后一天啊，不是最后一天了，就最后几个小时啊，最后几个小时都没有一天。	0
我家今天大嘴包来第三代升级级们的一盒一万两千的活性菌哦，活性鸽子高达九九加一啊，是的。	0
现在吃还不晚	2
我是从小到大有这个问题的,我到了三十岁以后开始沟通,就是各个国家代购变得变得旺盛了之后,能够东西变得更多了之后,我就开始吃辅酶了.我吃到现在一切都很好,一切都很好.所以我建议你建议大家有一些新动力不足的情况下,或者你新动力确实是有问题的.有一些这方面的心理问题的情况下,特别是有像我一样原发性的问题情况下,建议大家去吃那个辅酶	2
好吧，没有，中间商，咱是有运的，有险的，有物流假一赔四工厂直发售前，咱们咱们家有服务社会保障直播间，所见即所的收到货家啊，你跟咱们直播间看到。	0
它不是说去给你胡乱去添加的啊。	0
很多人在我直播间问我说你们家这个东西大概要喝多久才能有效果。	0
所以我们一定得通过外界去摄取,不然呢咱们身体是会有问题的,我们皮肤是会有问题的.所以我们又爱美,我们又想关注健康,那营养素是基础	2
你再去喝宝贝来不及没有用啊	2
是么？	0
因为膳食纤维是人体最重要的七大营养素之一，是每人每天中国膳食指南，建议摄入二十五到三十克的。	0
国家批准的功效,把天然维生素液把内服美容祛斑的功效	2
好的，二号链接已上架。	0
我们的身体也会给我们发出个各种信号,	2
但凡是想要说到改善原某灵都能带它。	0
你要是有斑,我们就通过内服来去清扫斑,没有斑,我们就去预防来让,	2
所以的话呢我们有新进的宝宝要拍的话呢，我们可以直播间下单了。	0
天然维液把内服美容祛斑的功效.	2
有问题的家人不要拖小问题,拖成大问题了.难受的宿质的都是我们自己.没有人替们扛的,只有咱自己的身体好好的,我们才能想吃什么,吃什么,想喝什么喝什么,想去哪个去哪才能更好的享受生活,不给子女添麻烦,不给生边人添麻烦.	2
而且一号链接这款不仅明星青楠在吃,我自己包括我们身边很多朋友都在吃药的这款干片.	2
它是会让我们那个肠道可以动起来的。	0
,经过了国家药监监管管理批准的有道国家批文、保健视频认证层.	0
个时候会随着我们年龄的增长逐渐沉积,很多脏的东西,粘稠的东西.如果说你一直不管它就变得越来越窄,时间久了就被堵住了,就得冲一冲它了,对不对?还不管它,人工支架就用起来了.那到手可不是花几十块钱的事儿,一次花十几万块.	2
早喝早享受早喝早受益	2
一个两心钙。	0
播家们主播看到之后，会根据大家一个问题呢给大家进行到一个讲解。	0
运费险七天物流都给大家安排好了以后再想吃上便宜又管用的鱼油，真的没有那么容易。	0
,就因为它足够厉害,足够快、功效强、效率高,短时间内能够更快的去实现你的身材管理哈	2
全网比价就是各大平台呀，线下四十五万家门店都有专柜的，大家可以随意的去比价买贵联系我们在线客服退差价，有运费险的。	0
对咱身体来讲,没有任何一负担	2
包括我们的运费险再给你安排上。	0
来家人们听明白了没听清楚，听明白的放心拍放心戴，不要错过今天的福利，抓住肌会买优惠，抓紧机会买实惠，拼手速拼猛速，抓紧时间要链接，秒拍秒付。	0
我看给大家看一下是否缺维泌族,缺,咱把维维b族不缺,咱就不用吃了.但是e和c它俩是搞内服保养的,e和c是咱必须要吃的呀.对不对?维生b族,咱九十九块钱,一百二十没病,能够吃一百二十天的一个时间以内去养外.	2
您如果说占库存，其他宝贝拍不了，那我们给大家五秒钟嘛，没有付款提单倒计时哦，好的，提单倒计时五四三二一零。	0
它主要就它主要就是管身体的哈	2
因为产品线下线上我们都在同步去销售。	0
呀，当天就能看得到的啊，朋友们来现在直播间的话，十二位朋友。	0
因为咱们平时有这些问题困扰出现的话其中，个了橘粉您都可以直接拍回去喝起来的。	0
做临床实验	2
啊，全部都现货，现发不需要，等两天三天就能到到你家。	0
比如说你长期熬夜加班压力作息不太规律,营养不太均衡,那你身体就会以发出信号来提醒你该把营养补充到位了	2
那么主播呢给新进直播间，家人们朋友们说一下，什么样的人应该补钙了，家人们听好了啊，咱三岁以上的要不要补孕妇，该不该补？	0
有了这些情况，咱们家一号链接基础营养、维生素都可以拍起来，带起来维持身体营养均衡，老人小孩全家都能吃，都能带放心拍安心蛋。	0
保真保证保收货了。	0
今天真的就相当于白来了一号链接，拍一发六一家老小都能满足一个铁元素的一个补充的一个需求啊。	0
B族的话它是它是针对我们这个经常爱冒油爱这个痘的情况.宝贝,它是有一个很好的效果的.\\b族它管的事很多啊,它是族群,所以它是针针对我们这个身体上一些是太好的一些呃问题呀就.	2
在我直播间的咱们的随心一点就好于勇往直前给我们把关注可以点一点，它四点钟准时截单。	0
家人重点来了，仔细听买了之后咱怎么吃，吃多少，你听好了，咱家鱼油是五十岁以上的，家人，再吃一两粒，其余的家人再吃一粒粒就可以。	0
老年斑晒斑、色斑整,皮没有光泽的去买天然维生素偏维生e呢它它够e确,的把美容去黄褐斑批注在产品包装上有斑我帮你清除没,斑我帮你防斑,天然维,素呢它含有大量,生育分生育分生e分它帮你保好的生育系统.	2
宝贝可以的，果汁牛奶、酸奶里都可以的。	0
你要有斑,我们通过内服去清扫斑,你要是没有斑,我们去预慢斑来避免我们再长一些新的色斑	2
间久了,血管还得给它清洗清洗.对不对?所以说家人们现在还没有吃下鱼油的,趁现在有活动给记,怎么样抓紧时间吃起来.	2
咱们的人体超过了四十五岁以后,身体里面的维生素b呢就会跟随着年龄的增长进行到一个加速的流失.像咱们家里面有老人的话,老年人他天天坐在这儿,啥也不干.他的维生素b呢流失的速度都要比我们年轻人要快很多的.	2
一，你要带到足够的时间，足够的时间才能去让我们看得到我们自己的改变。	0
一定要吃	2
对价格加密。	0
是的，放心吃，放心入。	0
临床实验	2
去对我们的材料保证了层层把测,层层筛选给给了你的.并且今天在我直播间,我们家加们都有证书,都有专利东西	2
你只要是爱美爱漂亮的,只要是想保养皮肤的二号链接,可以盲拍盲拍,\\它是以内养外,真正能解决皮肤问题	2
我们皮肤想维持一个年轻态的那一定是维生素e	2
菌种啊，来大家看是丹麦原装进口的。	0
通过内服有斑清扫斑没斑预防这	2
到我们白板上面其中一种情况的宝宝,一定要抓紧时间去重视起来了.因为我们这个就是你心脏不堪重负,身体在提醒你给你发的一个信号的.尤其不仅明星奇楠都是都在吃这样净化片.	2
是的，那抓紧时间秒拍秒发。	0
任何预售的家人们现在去拍,现在去抢维生素.	2
吃到一些油腻辛辣饮食的时候,这些垃圾脏东西他想囤积在我们的心脏的时候呢直,帮我们把它们给清出去赶出.	2
宝贝，您在线下买，它是两百一十八，线下买，它是两百二十八这一套。	0
三岁以上到百岁老人都可以吃了七天，无理由和运费险，我都给你买好了，你可以带回家放心的吃起来。	0
所以这个东西它很适合什么时候去吃？	0
人保	2
营养不太均衡啊,我们身体会很智慧,身体缺乏.营养会给你发出一些信号,那你就把维生b族吃起来,缺啥就补啥嘛,补充起来,身体不缺了,营养跟上了,它自然就好了.	2
早上一定要来一颗维c	2
免疫力特别弱,经常啊秋啊、	2
你想嘛,你每个月给自己买再多的化妆品,买再贵的护肤品,是不是素颜状态依旧还是很差.对,今天在我直播间,不如把咱们家富铁软糖带回家吃起来	2
今天咱集团补贴价五十九块九，到手是三百六十的旅由买一次，你能吃一年绿叶。	0
大家可以看一下啊,三个月之后,什么人群啊适应的啊甘油三酯低密度脂蛋白、胆固醇偏高的这些人群啊,还有一些陈旧性,有斑块型的人群,还有些压制糖的人群.	2
腿部抽筋的,脚心抽筋的,咱们的一个肩膀胳膊,膝盖酸疼肿痛的.我不管大家就是你十几年的几十年的你,甚至大半辈子的软骨干没,吃起来的.你现在立刻吃起来的话,还是没食管的.	2
啊。	0
几岁能吃的，直接问主播年龄，你家孩子上几年级呀？	0
家人咱抓紧时间去捡捡漏,还有最后三单,谁抢到就是谁的.	2
那我们真正爱自己的女生，都是从内调开始的啊，直播间的姐妹，我们每个月你就算花再多的钱给自己做一个表面功夫，买太多的一个化妆品，素颜状态，自己都不想面对的情况下，唉，你不如来我们家试一下我们家的这个富铁软糖啊，整个富铁软糖，咱们直播间的姐妹可能说富铁软糖我怎么知道怎么去选那主播教你。	0
人工支架	2
我也是吃了一段间间之我感觉不错，我就跟我爸妈他们去拍了。	0
添添加有好的大大肚子，双双管齐，让让感受会更好。	0
那么咱们家那个九号链接啊，嗯九号的话就是已经开价了，建议大家买两百粒，一三九再给你们送一瓶VB。	0
功效是国家批的	1
一定要吃	2
咱人在日常生活当中喝喝茶就能把咱这些问题处理了,你说不是更好吗?对不对?好,过去吃瓶瓶罐罐小白片呢,看见没?你吃的越久,吃的越多,咱身体的负担重压力大呀	2
咱们状态咱想比别人更加年青态的一定要吃维e,要不然咱不保养的话,咱就是干嘛?斑比别人多,我儿比别人多,	2
来号链接接所有人拍不想选，可以抓紧你所的宝贝，可以去问下我们的服宝，或者我我们的详情面面下拉看下宝贝贝直播间一号链接接所有人想不想选，可以抓紧点关注斤带走给到你们。	0
那这个时候候呢，你汗液流水会带走我们的这个铁元素。	0
对于经常蔬菜水果不太喜欢吃宝贝橘粉是一个很好的帮助。	0
然后正品嘛一定是正品啊。	0
你再去喝宝贝来不及没有用啊	2
层层把关在的经过了国家食品药品监管管理的批准功效	2
所以咱们家爱美的宝宝,养生堂天然维生素e都是可以去吃的,而且建议大家长期去吃一说.	2
所以说现在还在咱们直播间的各位宝贝们啊，给到你们那个下播福利，现在还有三单的一个现货库存了，没有拍到的。	0
而且今天在我们直播间，所有哥姐们，那你都可以跟我互动一下，跟我去聊天没有关系，价格品质都是非常好的。	0
我们地球类的口腔益生菌，它专门针对口腔健康铁去研发它每一颗里面。	0
这就是啊很多咱们中老年人朋友们吃了很多咱们这边的一个钙啊、氨糖啊、软骨素到最后你会发现腿呀关节该怎么样,还是怎么样?就是这样的原因,因为你吃的东西只占这百分之二十,你占到百分之五十八,百分之咱们六百分之八十的二型骨胶原,您被咱们去忽视了我们在日常的生活中饮食中,你是摄取不到咱们二型骨胶原的,特别是人过了三十岁之后啊,他二型骨胶原渐渐的它就停止合成了.	2
确实我们家这款品质成分含量效果,原材料都是远超市面上同类产品的.	2
不要让你真正以后后悔来不及	2
而且呢你今天如果说呢在我们直播间，咱无论选择一号、二号链接，我都是推荐大家拍到三瓶装。	0
全家老小都可以吃,能够让我们免疫力更棒体、更好纯纯,然维没有添c任何的一些添加剂的就是国家,天然维呀百分之一c来自于巴西真樱堂提取原料以及让我们免某,更好的功效.	2
心脏变成小肥肝重度重度,包括指标亮红灯,而且心脏它是哑巴器官,你可能现在没有多大感受的,但是宝宝它是我们人体运转非常重要的代谢部位,你不去管它,你就放在里.日积月累下来,它能滚雪球样的,很容易逐渐出纤纤不可逆转.	2
压脂糖	2
没关系，家人们直接退回来给咱们家啊，来下方小黄车一号链接，还有两分钟给到你了啊，咱不能再等了。	0
咱就给它冲一冲了,还不管它人工支架就得用起来了.大多说家人们不是花几十块钱的事儿,一次就得十几万块.	2
的一个宠粉福利，库存不多，只有易过敏了，拍完是不加单不返场的主播，还有八分钟左右下播，下播以后就没有这个福利，没有这个价格了。	0
其次的话呢像橘粉它的一个聚合度也是比较高。	0
家人们到那时候,咱可不是花几十块钱的事儿了,一次就得十几万块.	2
家人们，那你都可以看过来哈。	0
认准大品牌,广澳集团世界五百强,咱是正儿八经一个药品	2
身体没有负担所以	2
姐，人们争取赶上咱十五点整的快递车，今天拍了，今天全部发走了啊，所以请您现在秒拍秒付啊，姐人们来下方小黄车一号链接。	0
仨月俩月的你啥感受都吸有,是因为它鱼油的浓度不够,咱咱家鱼每每粒浓度都在百分之九十五以上,满足了大家对不饱和脂肪酸一天的需求吃了它别的油你就不需要再吃了.	1
结果您带回家，按照主播说的去做，你也一定会回来回购的。	0
最后的两分钟时间拼速拼拼速速。	0
除非就是你很早就开始关注你身体面的沉淀物了。	0
今天三百一十八呢给到大家是有两大罐六十粒的，没有点关注。	0
是不是又是用这种色斑就是,种情况都有的那就推荐大家来直接去首选一下我们家这款的一个维然后,c,我们家那个维就可以了.	1
另外你想吃个三年、五年、十年,对咱身体来讲,没有任何一个负担,	2
哦，没错错，非常欢迎我们的新新一生。	0
有一句话呢就说的很好，它们呀省什么不能省营养缺什么也不能缺膳食纤维。	0
家人们，悠悠。	0
发出信号	2
人们一定要吃我们家益生菌啊	2
时间久了,问题会越来越严重的难受了,还去到线下愿意去看,不仅费钱费时间,你个个人人焦焦,而且我们口味这种自己很难受,对不对?	2
诱导	2
你清除斑没有我帮你	2
促进钙吸收	0
血管	2
咱们新进直播间家人朋友的话呢，我们想要拍蛋白粉的，想要去补充一个蛋白质的啊，我们想要让免疫力更棒的哈，都可以试一双。	0
所以说我们大家喝橘粉啊，放心喝长期喝都没有问题。	0
时间久了,血管还得给它清洗清	2
欢迎我们的代谢，欢迎你啊，我们的代谢宝宝，您是看我的退出来的吗？	0
它包的这层脆骨啊就没法用了,人工支架就得用起来.到那个时候不是五十九了,两年换一次一次就得两万块,现在知道了吧?	2
临床是有报告证	2
所以说我们直播间价格的话，我们相对来说呢会比较的一个划算了。	0
你赶紧去捡捡漏,还有最后私单谁抢到就是谁的家人.很多家人问鱼油有哪些好处?有哪些家人,你需要立刻吃起来深海鱼油,你听好了,像大家有事没事抽烟喝酒的.	2
家人们,因为人一旦过了三十岁之后,身体里面的钙是在加速流失的过程了,尤其是咱们的软骨钙.	2
在这基础上还不够。	0
身体会由于缺乏这红素b族一样呢来发出一些信号来提醒我们	2
假一赔四赔百赔千赔万，你说了算。	0
膳食纤维它是我们人体所需要的一个七大营养素之一，是跟蛋白质维生素呀，是我们每天都少不了的一部分，对不对？	0
宝宝的家人满幺五八，额外赠送v一三，十粒满二九八。	0
那b族是一定要去吃	2
维效是国家批注的天然维e内服美容去虫斑VC呃,小脸	2
咱们今天就等于白喝喝了就没有啥用了。	0
如果说姐妹你想要赶到我们夏天这波浪潮的想在短时间内拿到这个结果了们您不,再纠结不要再徊了.	2
秒拍秒付主播下播了，给他发货，直接给大家预送官方旗舰店，假一赔四七天，无理由运费险都给大家安排上了。	0
人保	2
内服来去清扫斑	2
来给到大家来的哈，然后咱这个好运对不对？	0
身体没有负担	2
现在连体带补又给大家更新到两单的一个库存，没有拍的姐妹来扎紧手速张要素又加两单的库存了。	0
随着我们身体年龄往上增长,你代谢它是往下面走的,总感觉上半身形不匀称,不清爽,有到一个小痘痘,尤其啊脸半发黄,脸白发、黄指甲长出纹的这个地方还长,先对称色斑就是,斑.就是你心脏不堪重负,身体在脾气里给你发了个信号.	2
从根源上帮助我们解决这些问题	2
,想在短时间内拿到这个成绩	0
零一今天三三八两瓶送两支维c钙片拍三瓶装，只要五零七，不但给你送两瓶维c，还多送一瓶价值二三九元的畅不益益菌群吃满意，就是一天吃两天，吃一天吃两天，只要两块八至你养护的心脏，这瓶有限，四五块块十十要不要抓紧赶赶快了。	0
宝贝们啊，我们可以就是去拼手速去冲一下哈。	0
大家有问题的话,你们自己抓紧时间来问我,不用去拖一辈子,你只有一副关节呀,对不对?你如果说你自己都不去管它,你自己都不去重视起来的话,那么你的问题会越来越多的呀.你的问题会越来越严重的呀,到时候你连路都走不了你.	2
所以只要吃上丁类物质的,他汀类型的东西的,你是不能停掉的.一旦停掉,你的数据比以前回弹的更厉害,但是纳豆激酶不一样	2
因为我们今天错过了之后，不知道什么时候还会有这个福利给到大家。	0
单买维生素e在一号单买维c在五号两款都要咱就拍二号链接.三号链接的话是维生素b族,维生素b族,它是可选可不选的.像我们经常熬夜呀、加班呀,作息不太规律,我们又忙工作又忙家庭.我们身体呢会由于缺乏b族一养来发出一些信号问题,那咱就可以把维生素b族补充起来,身体一样跟上了身体不缺了.咱这些问题呢自然而然就好了	2
预防保养	2
活动结束之后,谁拍都是一瓶需要的,家人们咱赶紧捡捡漏,还有两单,谁抢到就谁的.有哪些家人要立刻吃起来深海鱼油来听好了,像大家有事儿没事儿,就来一个喝一杯的,啥啥都高的,拿手机找手机,头晕眼前,片黑的不管大,是几年十几年现在还没,吃来深海鱼的抓紧时间现,吃还不晚,方向不对努力,白费的家,们选对品很重要.	2
维生素e管你脸上色斑,点点管你脸上小阴眼有斑,我帮你清除斑,没有斑,我帮你预防斑.	2
压值高	2
我们家这款益生菌你们吃一个阶段都是完全没有问题没问题。	0
人保	2
一粒相当于普通油的六粒.我们买油就选深海油,认准大品牌,广澳集团世界五百强,咱是正儿八经一个药品.再一个PICC中国人保给咱做承保的大碗,排你买的安心吃的放心.附近便利.小区门口像	2
我们这个益生菌它是无脂糖型，家人们里面是不含糖的，好吧，可以放心拍。	0
拍到就是赚到	2
我们来讲一下，大家想听吃法吗？	0
院线级别	2
咱家维生素抹脸脸到冬天的时候，呃，咱如果说经常化妆的姐妹可能会看的就会比较明显，经常化妆一点不卡粉，维生素e放就是抹脸，很很很好用，可以都可以尝试一下。	0
吃国家批准功效,咱心里面是不是踏实咱放心.	2
我们的产品国家批文、保健食品、志认证国家食品药品监管局批准的	2
黄金时期，你到国庆节直接穿上美美的裙子出去玩了，是不是？	0
如果你只是针对斑的问题，你就吃维生素e就行，你素颜憔不憔悴啊，就你颜色满不满意。	0
认厂直验没有中间上遇上周年活动活动,就这一次要囤货复购的家人们抓紧时间,谁抢到是谁的一号链接.	2
所以如果你想针对皮肤的话,我们二号维e维c它不仅是专门针对我们皮肤方面做好保养的	2
对身体没有任何负担	2
我们用的这个护肤品脸后有斑.嗯,这个脱儿不炎拍一号,只要有斑拍为一号,它不是淡斑它祛	2
没有任何副作用	2
总共能喝六十天，两个月时间是没有问题的，平均每天算下来就只需要两块多，每吨就只需要几毛钱杯。	0
您就直接含在嘴巴里面就可以了，不用嚼，不用吞，不用泡水。	0
好，咱跟大家说一下啊，你看你的一个肾部一定是有问题了啊，一定是有问题了，给开的对不对？	0
赠品呢多买多划算，拍一单少一单的，想早拍早想瘦，想多买多划算的秒货主播下播了，给他发货，直接给他微走。	0
膳食纤维呢？	0
那有的姐妹会说，如果我体验装喝了之后，觉得不太适合怎么办？	0
像橘粉的话呢，都是可以拍下来。	0
最后的两单的一个补贴名额,谁拍到,谁抢到咱们就给谁.	2
我帮你清除斑,没有斑,我帮你预防斑而,添维生素素还有,含有大量的生育育了生育分生育分帮你保,好的生育系统.	2
你填你赶紧填填实名认证，我买的时候我都要填，填过一次就好了，以后就不用填了。	0
七天无理由都给大家安排好了以后再想吃啊,既便宜又好用的鱼油,真没那么容易了	2
所以咱想要针对皮肤方面做好一个保养的话,咱们二号唯一维c宝,它是主要以内去养外给咱皮肤做保养的.	2
在血管你还得给它清清洗清	2
没有任何负担	2
缺钙呢比较严重.那么咱吸收能力呢也是越来越差了.家人们.所以呢像这些家人们就应该啊抓紧时间吃起来咱国药的这款橄榄椒饭	2
每一盒都是防伪码，拿回家可以扫码验证。	0
拖时间了，所以我们不要不把这回这个东西当回事儿啊，不管你心率过低还是心率过快，它都是非常非常关键的一个点。	0
然维生素液把内服美容清扫斑斑泥拧的功效	2
三高的	2
这样的话我们产品加们才能够做到我们家一个真正的品质，对不对？	0
宝宝可以以扣在我们的公屏上。	0
加盟主播看到之后，会根据大家一个问题呢给大家进行到的一个讲解。	0
你不管是男生，不管是女生，不管是孩子，谁都喜欢听到别人的夸张的啊，谁都愿意听到别人的夸张的，是吧？	0
大家也听好了，你不要买错了，鲜茶在于你仅仅就一两斤、两三斤。	0
运动员都在喝的一款益生菌PICC人保做承保人,	2
喝酒的话呢？	0
三高的,你头晕眼前,片黑的拿着手,找手机的家人有没有?不管大家是几年,十几年,你现在还没有吃起来深海鱼油的抓紧时间,现在吃还不晚,方向不对,加努力全白费,你选对产品是很重要的.家人,咱很多家人跟我讲呀,说你说的这些我都有,我也哪哪不得劲儿,为啥要选择吃深海鱼油听好了,因为咱们吃鱼油重点吃的是不饱和脂肪酸,这个是咱们自己没办法合成的,只能是通过吃一些深海的鱼类贝类才可以补充.如果说你一直不管它,它就会越来越窄,时间久了就会被堵住了.咱就得冲冲它,对不对?还不管它人工支架就得用起来了到时候,不是花几十块钱的事了.一次就得十几万块.	2
临床测试	2
你看我们家十一号的重购款的去，很多都没有抢到，还有两个保障库存，对不对？	0
专利、临床	2
不管这些味道现在是送还是亲咱们家,这款益生菌都是能够直接从根本解决我们嘴巴有小微这些问题,而且还能再顺便帮我们日猛防盗,咱们嘴巴会做什么呀?	2
它是以内养外的方式,从根源上去帮咱去做一个滋养的.我们皮肤需要我们女人身体也需要.所以所有爱美的姐妹长斑也好,	2
但是养生堂这款b族它在行业内被称为高八度的存在.	2
养boss是吗？	0
它没有一个副作用的没有,害的啊它里面的东西	2
包裹的脆骨啊就没法用了,就得换零部件了.家人们,那个时候咱人工支架就得安排起来了,你遭罪家人受累.家人们咱方向不对,努力白费,就像你骑自行车时间久了啊,你都知道给你的链子告告油,那咱的身体呢也是一样的,也是需要加油的.	2
有哪些家人要立刻吃起来?深海油听好了,像大家有事儿没事儿,抽烟喝一杯的三,的拿手机找,机转戒钻进眼.	2
下播以后谁拍都是一瓶需要的家人，你赶紧去捡捡漏，还有最后四单，谁抢到就是谁的主播十优宝儿。	0
小问题,如果说呢你不去注重它,不去管它时间久了,问题也会越来越重的难受了.咱们是不是要去到线下愿意去看?不仅费钱花时间,你整个人跟人交罪,而且口味重,我们自己很难受.	2
所以它俩是以内去养外,真正的给咱保养好皮肤,而且能解决我们皮肤上已经开始出现的问题.	2
是两个样子哦,保养的好也是狼样子,你不去做保养,那你的样子呢也会只会越来越差,谁都不想让你的样子是越来越差,谁都不想让自己变成黄脸婆吧,也都希望让自己看起来,对不对?	2
朋友们，各位家长，宝宝十二岁的、一岁的、两岁的都可以选择二号试吃名额，还有一单，刚刚有朋友占库存的，两个朋友没付款的，我们一会儿给大家踢出来了啊。	0
抓紧时间秒秒秒货货家人们链链接最后的六单了,拼手速,拼网速啊,谁抢到是谁的啊?尤其是咱们家人们,如果您的年龄已经超过三岁了了,爸妈五六十岁岁七十岁了,到现在哈还没有吃过这个软骨钙复合合的啊啊,抓紧时间去下单啊.现在哈咱们趁这个价格合适,吃起来还不晚.	2
家人们赶紧捡捡漏,还有两单,谁抢到算谁的?	2
养出桃花好面容,给咱们也有批注,批注在了包装盒上面,批注的也是天然维生素e祛斑祛斑给咱们批注在了包装盒上面让咱们老得慢呢啊能给们批注在包装,上面说明的话真的,有效真正符合标.	2
也都国家批	1
一起来看一下咱们家橘粉的一个喝法。	0
模糊	2
产后宝妈快速恢复产前身材的苹果型梨形身材的姐妹们肚肚肩膀有肉肉的大腿根粗的，对不对？	0
对，所以说直播间的各位宝贝们，还有什么想了解哪个问题，我们都是可以抓紧时间来跟。	0
然后b族就是你有这个需求，就比如说脸上容易起小包包，容易容易起小包元素。	0
它没有什么依赖或者,说呢是一个副作用的.	2
但是今天直播间两大瓶到手，三百块钱不要了，二百块钱不收了，直接开价一百七。	0
全额退款	2
同款旅行装二十八个小瓶装，多出半个月。	0
你像咱们中老年人吃钙呀,就要去吃乳酸钙呀	2
咱们走路魔大腿根儿的，像我一样久坐的，有没有将军肚游泳圈妈妈囤的，你想要更快的实现身材管理的四号链接长精茶，我们线上下的销量爆款，咱今天福利价给大家量给大家七天无理由运费险哈，都是有的。	0
诱导	2
有那个黄斑,有雀斑,有晒斑	2
哎，很而且很多宝爸宝妈呢想要给宝宝挑选益生菌的时候，哎，不知道该怎么挑选，不知道该选什么菌种，哎，或迷茫，然后亲着桂圆。	0
是以内养外,真正的开始帮咱去解决我们皮肤上的一些问题的	2
如果你不去注重它，不去管它，时间久了，问题会越来越重，对不对？	0
十五条能换九十粒的维生素比较给力吧。	0
在脸上看到效果了,也是国家批准的功效.咱现在心里面是不是踏实?咱放心,它不是咱随随便便讲的这是国家批准的认证的二十一年的经典招牌	2
还是明星秦楠同款,再世家用精华片.	2
干干的酸涩,涩的发痒啊、流泪呀不太舒服.小手,它又是抠,又是挠红红一片的不说,还有模模糊糊	2
还不管它,人工支架就得用起来了.那到时候可不是花几十块钱的事儿,一岁花十几万块,现	2
因为它这个就是心脏不堪重负.身体在提醒你给你发的一个信号.本身话呢你想呀我们经常熬夜,经常喝酒,又吃了油膏盐膏,对心脏负担就比较大了.心脏它又是负责我们人体运转非常重的代谢位.就跟你买个车,那个发动机一样的,发动机不好,车能好吗?	2
但是我是想做的一个什么预防的一个长斑斑的	2
身体是没有任何的一个副作用	2
像什么牙渍口臭口腔炎?如果说都是像这样的情况,您到时候就只能去线下月冤花更多钱遭更多罪了.	2
我知道有一些宝宝来到我们直播间啊,看到我们某个明星某个达人都推荐进来的嘛.	2
客服每一盒我们都有双层保障双冠菌为咱做代言,为我们成层把关,运动员都在喝的一款益生菌.	2
这样的单卡着单回去付款，别人想拍拍不进来，咱们把名额留给有需要的人。	0
六号链接的话呢，它当然也是在于身材管理这一块产品啦，叫b四二零的活性生菌，被女孩子称之为大餐救星啊，你说它有什么功效啊，是不是它这一款要你坚持使用，每天早上空腹喝一个，你喝一个月，呃，你喝一个礼拜，喝两个礼拜是没有用的量，这个需要时间的沉淀。	0
当我们身体呢出现破损度以后，我们会形成一个东西，叫做一个什么叫做低密度脂蛋白。	0
逐渐沉积很多脏样的东西粘稠东西.如果说你一直不管它,它就会越越窄,再不管它就要被堵住了,咱就给它冲一冲了,还不管它,人工支架就得用起来了.到那时候,家人们不是花几十块钱的事儿,一次就这十几万块.所以家人们还没有吃起来,油的,趁现活动给自己准备上抓紧时间吃起来.	2
所以你要通过内服嘛,有斑去清扫斑	2
我们夏天这个潮潮的对不对？	0
宝贝，如果说你喝了体验装之后，不喜欢不满意，那没关系，体验装我请求你去喝了，就当在我家这个小便宜正装，带着小显显直接一个电话支持上门取件哈，感谢咱冰雪姐妹的一个关注。	0
我们直播间就是对号入座。	0
血管还得赶清洗清	2
大家给大家交个朋友想做下选的啊，像咱们直播间是不是有一些宝爸宝妈呀啊，家里的宝宝会不会有爱吃青菜，不爱喝水，一到吃饭的时间就费老劲了的一个情况啊，还有呀咱们宝宝肚子会积屎打嗝，肚子一排碰，响会胀气的一个情况有没有啊？	0
没有对身体有不好的副作用	2
短时间达到	2
是不是长期在嗯太阳下面待着时间比较长的喜欢出去玩的,是不是再一个免疫力一个问题的姐妹.嗯,换季容易感冒的家里有老人小孩了您都,以搭配上C去吃VC两个功效不一样的事事不一样.但是您搭配在一起,效果是更好的VC能够促进v的活性值	2
解决这问题的跟同龄人视,上拉开差距的.嗯,咱想要比同龄人看起来更加好看,更加漂亮的	2
添维生素e呢它是能够明确的把美容去黄褐斑批注在产品包装上有斑,我帮你清除斑,没有斑,我帮你预防斑而,天然维生素人家e有大量的生育酚生育酚,生育酚,帮你保,好	2
头某干头某臭	2
缺乏它,你就会存在这个问题.当你把它补充起来,你身体不再缺乏了,你自然就好了	2
口口口周炎的呀，牙齿口黄、白内障的牙接都是给拍一号链接的哟，带回去感受一下，你们才知道，对不对？	0
不要让你真的样子松松弛弛的时候,你再去想到这个问题,	2
还有到我们家MK基金的专利维生素片啊,吃进去以后是可以去让钙更好的来附着在我们的骨头上面的.	2
那我们身体这营养缺乏了,我们身体会出现问题,所以它会给咱发出很多就是身体上一些不太好的信号跟提醒宝贝	2
我去给你们推推荐它也是因为它足够厉害,足够快,功效强,效率高	2
们想跟我们的同龄人拉开一个视觉上差距都可以吃.维生素e的VC的话是让我们素颜更加好看.	2
要你你想想管理期，对吧？	0
脸上已经出现了非常干燥的,有细纹,有油纹的,有法令纹的,对不对?这也都是在说明唉,你的胶原蛋白是在往下在流失.如果说你胶原蛋白都在往下流失了,那你的样子呢那只会越来越显老,对不对啊?所以说我就给大家讲胶原补胶原喝胶原很重要,你可能脸上出现了这种大大小小问题,你们会去想我去用一些护肤品.但是我今天我跟你们讲,该该用的也用了,涂涂抹剂几百几千的用用.但是是什么?	2
平时咱们一罐三十粒就哦两百七十九，两大桶五百五十八元一号链接。	0
仨月俩月你啥都感受不到,因为油的浓度不够,咱们家这个鱼油每粒都在百分之九十五以上的满足,大家对不饱和脂肪酸一天的需求,吃它别的油咱就不用再吃了.	1
来生理期养都可以以喝酒，所以说能够长期喝，能够长期使用。	0
当然我讲的只是一号链接啊，如果说咱们的爸爸妈妈、一爷爷奶奶一家人都在喝，咱们能带两单，带两单，能带三单三单肯定多买多划算算多多优优惠的呀，对吧？	0
Ok了哈，坚持去喝，让大家一个月轻轻松松实现身材管理，实现咱们穿的自由。	0
这几位朋友,你们要买的自己,抓紧时间,关节是你自己的一辈子,只有一副关节啊,它从你出生开始,然后再到你退休为止,你都只有一副关节,它是多少钱都换不来多少钱都买不到的.所以你们自己的关节问题,我们自己得去管,自己得去重视,好不好?	2
有黄毛斑,有雀毛斑、有善毛斑	2
临床测试	2
宝贝,无论它多快多猛,不会对身体造成副作用危害依赖在健康安全基础上做内调的哈.	2
误导消费者	2
还给大家安排一个试吃名额啊，就是我们收到货可以去试吃三到五条啊。	0
如果说您不想要这个袋子的话，拍下呢还可以联系客服去呃转一下人勾，把这个手提袋可以换成两袋袋装生菌都是没有问题，没问题哦，哦，粉只有两袋拍完。	0
觉得受益的钙你照着吃,你不会踩雷	0
咱通过口服的方式把它补充起来.你身体营养不再缺乏了,你身体才是更加健康的.如果你身体缺乏某种营养,你的身体会向你发出一些信号跟提醒,那具体是哪些状况?我们小草宝贝,你可以把你目前在健康方面你存在的问题,你跟我说一说,我来帮你判断一下,你该不该去吃维生素b族,这个b族不是我必须得补的,而是我身体缺我就补我	2
宝贝哈,您但凡说来身身体是有缺少的这个维生素c的那你的一个身体的一个免疫力就会容易下降,是不是身体体脂率容易降降,会经常容易什么?爱翘秀的一个问题,容易经常身体的一个过敏的容易身体,就是上火什么的嘴巴里面就是会更加容易的一口腔溃疡.	2
冠名产品功效	0
是的，咱们的a宝贝拍了，备注快码即边好，阿已备注跨码加边六单，福利名额拍掉了一单，现在只有五单了。	0
你今天来到我直播间来我们的这个小糊涂啊，我们的这个小糊涂的这个小姐妹，我们希到大家带走划算，我们也希望大家带走便宜的啊。	0
保保障双冠军家人,他为咱做代言,为我们前的把关运动员都在喝的一款益生菌.有问题的家人,咱不要拖小问题,我们脱成大问题了,难受的受罪的啊,都是我们自己没有什么糖的,只有咱自己的身体好好的,咱们才能想吃什么,吃什么,想喝什么喝什么,想吃两两圈才能更好的享受生活,不给子女添麻烦,不给身边人添麻烦,家人们是不这样子啊.	2
来，咱们今天是新人开播啊，给大家准备了新人见面礼啊，是新人的打个新人，我看看有多少个新来的家人们呀？	0
但是今天来我们家直播间，我不管你是新粉还是老粉，你来我们家直播间的，买六盒装的，我再给他额外送送两盒。	0
我们去清扫斑没斑,我们去预防	2
没有副作用	2
今天在我们直播间，所有新进来直播间的哥哥姐们，那你给主播互动一下，跟我去聊天没有关系，欢迎我们家金秋宝来到我家家直播间。	0
如果果担心他牙齿齿一些，蛀牙牙结石黑洞啥的就去戴这个蓝色提前抹一抹方蓝色是草莓口味的，两款的口味也有点不太一样。	0
最后再给大家去强调一下啊,像咱每天抽烟的喝酒的熬夜应酬,不断的大鱼大肉,吃的比较多,身体的负担越来越重,身体的状态明显.记得有一个下坡路的一号链接,一定要去吃起来带起来.	2
咱就足够滋养我们全身了,让我们跟同龄人呢拉开一个视觉上的差距	2
要家人们赶紧捡捡漏的啊,咱们下播的一个活动,还有走两单了,谁抢到是谁的?	2
它,它就忽略一债,再不管它交杯堵住了,咱就给它冲一冲了,还不管它人工支架就得用起来了	2
三十秒付款时间主播下播，我去给大家备注赠品了，安排现货优先发了啊，忘记吃法，用法的，随时来问到主播来摇杯仅慎一单。	0
是的。	0
们是胆固醇啊,有胆固醇偏高的,低密度量偏高的的,甘油三酯偏高的	2
秒一保证就可以了。	0
早喝早享受,早喝早受益	2
我们直接把产品从哪里来，对不对？	0
就是说你今天两百二十五吃的十一天两天，能够你你们够够去吃到手六块的时间均摊开箱，每天只需要到一块一毛钱都不到不到一个包子的价格特别便宜。	0
啊，你把啊，你把是新人的打在公屏上给主播看一看嘛，是不是呀？	0
再去加上我们的MK进行的专专利维素片药.是的,能够去让钙来更好的附着在我们的骨头上面的,做到不只是吃钙补钙帮助到各位宝贝.能够去抓钙质锁钙,减少钙的留合湿,可以享受到促钙入骨.	2
需要的家人,你抓紧时间去捡捡漏,还有最后四单谁抢到就是谁的.	2
口腔也是每个热门面了，大部分的一些口味问题呢，它都是由内而外去导致的。	0
拼网速了一下，咱们真的得先播下播了，因为还有好多单子等着我去发货了啊。	0
如果说家人们您的物理时间在半年之内，一两个月、三五个月刚刚开始的拍药就行了。	0
你要有斑,我们去清扫斑,没有斑,我们去预防来让	2
如果说想要多拍，想要多买主播，我想拿到你想要的结果去拍我们家现在的二号多接二六八，这个价格，你买了三盒一百二十九，单盒，价格比较贵，三四百。	0
吃法吃法在这儿，宝贝大家可以截图。	0
管咱身体的营养素	2
吃下去呢就是你每天我们从内在你可以吃两三个月，你去看看，从内在开始改变自己啊，那我们真爱爱自己的女生，都是从内调开始的，对不对？	0
产品是好用管用的，只要说咱们能够做到坚持去喝，不需要你们忌口运动节食正常饮宝贝们就，了哈。	0
以你是吃维c哦,胃是保养,是清草斑的	2
二号链接现货本身就不多，如果你拍了不付款，我这边都有你的记录，拍了没付款的哈，赠品再来就不送了。	0
爱美的爱漂亮的想保养皮肤的那咱们就VE和VC一起吃	2
宝宝，我讲一下哈，三到六岁的话之间，你一天给他吃一颗就足够了。	0
所所以说推荐给我们家直播，姐姐们，你们要拍的，你们要下单的，姐妹们，抓紧时间去入手，抓紧时间去下单就可以了。	0
来家人们直接给你开配料表，咱家的配料表，干干净净的，没有科学性的活。	0
在短时间内能够更快的去实现你的身材管理	2
七天无理由和运费险我都给你买好了，你可以带回家放心的吃起来。	0
但是呢它的价格是多少？	0
所所以不是随随便能比较的啊,姐妹,我们家产品在研发出来之后,是直接供货给一百多只国际性奥林匹克职业专运的队上万多名运动员在用的.没有任何副作用,都是纯植物中提出来的.	2
而且我说难听点淘宝上面淘宝,我你们去看,就是拿回家一盒宝贝里边十瓶都要卖,里面三百多块钱,你去划算一下,一支都要几十,对不对?	1
吃的好的，来复购吃的好好的，我全额啥叫叫全额九百二十八买的，对不对？	0
我们三层八面的一个工艺了啊，像我们家灵活姐姐一盒里我给你添加的，不是只有四千一，或者说八千一个菌珠冻干的。	0
,咱们血管还得清洗清洗呢对,含量浓缩型的一粒,强调普通油的六粒.咱们买油就选深含油,认准大品牌广药集团世界五百强正儿八经的药企.再一个PICC中国人保给咱承保的家的品牌,买大心吃的放心.咱们家这个油小区门口都有卖	2
所以的话呢我们有新进的宝宝要拍的话呢，我们可以直播间下单了。	0
呃，稍等一下，我这边要联系一下客服啊。	0
所以我们成年女性的话，一天吃到两颗就可以了啊，感谢宝贝关注啊，感谢关注。	0
退休为止,你只有一副关节啊,如果说你自己都不去管他,你自己都不重视起来的话,那么你的问题会怎么样?会越来越多,你的问题会越来越严重的,好不好?	2
我们是自然乳酸钙,老人和孩子吃钙就得选乳酸钙啊.	2
下至三岁，上至百岁孕妇，妈妈备孕期、哺乳期都能去吃的一款钙，明白了吗？	0
咱要靠吃以内养外的形式有斑去清扫斑,没斑去预防来让我们的脸蛋儿干净你	2
嗯，直接干吃也可以，或者呢使用低于三十七度的一个温水进行冲泡啊，进行冲泡一下也是可以的啊。	0
如果您现在总是眼睛很干啊,或者说你总是要滴眼镜的哈,你真的我推荐你呢,把叶黄素吃起来,把叶黄素吃起来,真的平时你不爱吃胡萝卜的呀,不爱吃一些别的蔬菜的,你叶黄素也可以吃起来.	2
姐妹里边还有凉快啊。	0
拿去宝哈直接干吃干嚼，或者说朋友们温水去吃就可以了。	0
别人家一天让咱吃四到六粒,那是因为他们家钙的含量不够,咱是乳酸钙啊	1
如果您不会，你可以问问您的家人，让家。	0
预防	2
维生素e针对色斑黄褐斑晒斑、斑老年斑、的问题皮肤	2
五六十了,七八十了,年纪大了,缺钙呢比较严重.那么咱吸收能力呢也是越来越差了啊所以,像这些家人们就应该选择咱国药的这款钙了.	2
所以你要靠吃以内去养胃,你要有斑,去清扫肽,	2
有一些宝宝也是看到我们的某个明星啊,某个大家推荐进来的,对不对?因为我们现在很多明星大人们都在吃我们的益生菌,包括像他对我们益生菌也赞不绝口啊,主播自己也是有亲身填过,所以来给大家做我们的.	2
那么想真正皮肤有好的一个效果皮，有保养的作用认准，然的维生素天然维，天然维e活性工c品质不一样。	0
因为一号链接,它不仅是款肝片,是款黄片片够够管到我们两个方面,还是明星期男同款在吃加用华化片.	2
这个在保健品领域当中，其实回购率是非常高，相当高了。	0
咱们家这款是一个维生素b那么是能够长期吃。	0
它也是我们明星秦男同样载置的产品.	2
那么橘粉的话呢，刚好的一些检测报告，这边也都是有的。	0
情情况可以去联系我们的客服。	0
你家孩子背语文、背数学、背英语,背的多学的多,学语数外的呀,学政史地的呀,学数理化的呀.那必然都是用到大脑再学营养没有了你,怎么要求孩子成绩更加优秀呢?	2
有斑的去轻某除没,斑咱去预,很多宝子说,唉,我没有长斑,我不需要吃,不是这样的,没有长斑,咱不敢保证一辈子不长女人.很爱长斑的,咱	2
你看这个啊我们的产品安全指标功效指不是什么国家食品药品监管局批准的保健食品	0
忙工作忙,家庭事业累,那你就吃乳咪族,	2
预防养护	2
如果你一直不管它,它会越来越窄,再不管就被堵住了,就得冲一冲啊,对不对?还不管它人工支架,支架就得用起来了.如果说你一周吃不了两斤的海鱼和贝类就要越早吃起来深海油越好,时间久了,血管还得给它清洗清洗啊对,对?	2
然后我们的小宝,像我们的是北大的合作伙伴,是中国营养学会的合作伙伴,把心放进肚子里.	2
没有副作用	2
国家级市场的各个部门临床实验把关的数据	1
,吃维c让我们免疫力更好,已经让我们素颜好看/还有五条的就原的肽,就是皮肤有些松,有些垮,不饱满就可以去喝.	2
有没有瓶瓶罐罐小白片一直在喝的,一直在吃的吃来吃去啊,没有感觉,反而吃的咱身体的负担重压力大.	2
在我直播间，所有姐姐，你买是江中五十年的国货郎牌，而且你买过猴菇米稀？	0
白天。	0
脖子肩膀膝盖嘎嗡响,就像机器需要添加润滑油一样,不只要吃硬骨钙,软骨钙也是要吃的.	2
身体信号	2
结单之后的话呢，我们是能走福利走的。	0
下不来到走路膝盖嘎嘎响的啊.家人们,你有这些情况下们就应该抓紧时间吃上咱一号链接国药的这款钙.	2
其实的话呢去补充起来的啊，一号链接的话呢，能拍咱们都是能发。	0
免疫力特别弱,经常阿秋阿秋、没有负担	2
收到货之后可以查日期，查成品都行，满额一百二十八元，是送给大家五条蛋白粉。	0
如果说啊你有我说的以上几种情况,另一种我可以告诉你,你已经便秘了,便秘不调理啊,你会发现排便越来越费劲儿,从而肚胀肚硬放屁臭,晚上啊翻来覆去,难以入睡.	2
买别人的油仨月俩月啥都感受不到,是因为鱼油浓度不够.	1
啊啊，乖宝宝，你要拍到我们家二号链接啊，下播咱咱们目前还有其他单无所了，还有最后一单的名额，还有最后一福利名额，主播家人们新进直播间，咱们左上方点关注售市能够领取到一张八元优惠券的领完优券之后，领完优惠券之后，咱们在水下等等。	0
一定要吃、可以长期吃	2
体脂率、根源上给你解决	2
是不是宝宝们，那咱们一定要重视下单的，直接去带带。	0
哦，就怕嗓子吃不消是吧？	0
这晚上啊翻来覆去的话,难以入睡了.面如菜色,暗淡无光,胃口不佳,食欲不振,老影响咱们的正常的社交生活了怎么办?及早的发泄,重视调理改善啊	2
对咱身体来讲,没有任何一个负担	2
然后这个价格的话，之前从来没有过价格比较给力嗯，价格哈保价三十天买贵退差价的，而且保质保量保正品，保售后甲一能给咱赔十倍的，咱可以买的安心的哈。	0
如果说你觉得不满意的话，都可以直接的给主播原路返回。	0
他哪怕是四颗一万二的，他也只敢让你吃，一到两颗，只敢让你吃，一到两颗，你四颗你都不敢给你吃，为什么万一出出事了，你要找他的，对不对？	0
有双冠菌为我们做代言,运动员都在喝到一款益生菌	2
都要:诱导	2
院线级别	2
可以长期服用,对身体没有负担的	2
想要带的话呢，我们就直播间拍直播间带，汤臣倍健系列商品的话呢，在主播直播间都做到了，有买有送的。	0
那我们的胶药质量不会对身体产生任何的损伤的啊,没有任何副作用.	2
而且市面上很多菌啊,它都是使用于均是受限的啊.	1
但是无论说它都快都猛不会对身体造成负荷.	2
咱b组就可以搭配上它,是因为咱经常饮食作息习惯不规律的话,我们身体会出现问题.所以b组是需要补充的.	2
每一颗益生菌现有高达一百亿的活性口腔益生菌,每个菌中都有自己的身份证,都是持证上岗的,也是经过了三方检测机构,以及说权威专家的双重认证对的.	2
所以说呢它小朋友吃的也好,大棚吃也好,中老年吃的也更加更加好,不挑人群,不挑人群啊.	2
其中欧元伽三的含量高达百分之九十五以上，没有杂七杂八的，所以油的含量越高，其他的含量就会越少。	0
没有斑去预防维、免疫力更好	2
功效强	2
诱导性消费	2
是以内养了,真正帮你去解决,去去的,能把这个功效批在包装.	2
拍下以后记得联系客服，帮大家备注一下，咱们就可以升级到顺丰快递了啊，咱们讲一下。	0
咱碧生源二十四年的国货大牌就只专注于身材管理这一件事情。	0
二号第三个、第四个都划算，根据咱需要的一个量去选择，不会拍，不会选的。	0
所以有斑,你可以通过内服来去清扫斑	2
首先第一你得去对比它的这个含铁量。	0
因为呢它也是真正正正能够够大家从根源源上给您做到一个分解来的.	2
这个时候骨头跟骨头之间随着年纪的增长,软骨越来越少,骨头跟骨头之间就会不断的摩擦,摩擦久了它就会咔嘎的响.再久时候酸疼肿胀,如果一直不管它,就跟我们啃大骨头似的软边包的这层脆骨就没.	2
素颜不太好看的免疫力比较差体,比较弱想要,颜更加漂亮你都可,把C吃咸.它俩搭配效果是加倍的,是好上加好的	2
肝根问题不是主播口首平,不仅在浓度成分含量效果,原材料是远超市面上同类产品,还有到实证报告的看过来.	2
所以想有什么不清楚的宝宝可以跟主播讲啊啊，我再去给家进行我们的个讲啊，所以以可可更更加。	0
仨月俩月你啥都感受不到,是因为那个鱼油的浓度它不够.	1
那你喜欢便携装的话呢，就选择二号跟三号链这个两个链接。	0
,b族一样来发出一些信号来提醒我们,把天然维c把让免疫更好更好的功效,	2
那这个呢白芸豆的提取物呢，我们就是针对阻止我们的一个碳水转换我们的葡萄糖，阻止它的。	0
如说我今天我觉得这个米饭好好吃，配这个这个家常菜，我多吃了，我多吃了一份，我吃了两个拳头米饭，大概有可能两小碗，对不对？	0
所以你早上一定要吃一颗维c,	2
其中咱们欧元伽三的含量高达九十五以上，没有杂症下巴的，所以说鱼含量越高，其他含量就会越少。	0
橘粉因为它的话呢是可以作为一个大餐之后的一个急救的啊。	0
是的，那么听好啊，三号链接啊，三号链接听好七折的优惠券，券后平均每盒七十四元给不给力给力真的很给力。	0
所以你要吃胃液有斑,通过内服来去清扫斑,没有斑,你要去预防你,脸蛋更干净净光,	2
.黄褐斑雀斑老年斑都管事儿你要是,斑你去清洗,你要是没有,你去预防来让,蛋更干净.第二大效果是我们都怕老嘛,以内养外来让我们状态更加年轻态的,让视觉上	2
B宝贝，那好了，三号链接咱继续讲哈。	0
那么左边这边后台看到啊，咱还有一位家人没有付款的这几位家人呢，咱一定要抓紧时间去付款了啊，家人们咱抓紧时间秒拍秒付了，你占完了名额，其他想拍的家人都拍不了啦。	0
烟酰胺啊,烟酰胺的话,针对我们素颜憔悴的问题.第三大成分叫玻尿酸,也叫同明酸钠钠,它可给咱肌肤肤水、水水让让肌肤肤加加润润啊,更更加通弹.	2
额,好,家人们拼拼手速,拼网速抢到家人是你的.	2
想在短时间内达到身材管理指标	0
靠嘴吹的是靠数据来征服大家买别人的油,仨月俩月啥都感受不到,是因为鱼油浓度不够.	1
又熬夜又加班又累的又操心,那么身体会很智慧.身体会由于发出一些信号来提醒我们,你该把这个维生素b族一样补充到位了,咱补充到位了.咱身体.	2
二号链接准备结单，有任何问题不明白的跟我讲，把问题扣在公屏上就好了啊。	0
这个脸上面有点吓人了。	0
所以说我们直播间价格的话，我们相对来说呢会比较的有划算的那产品。	0
活动结束之后,谁拍都是一诺家人们需要的家人赶紧捡捡漏,还有两单,谁抢到就是谁的.	2
全额退款	2
所以说咱们有问题有困惑，宝贝您不要带着疑问，带着空离开。	0
买回去，不用担心我们的原材料好不好？	0
如果说你知道自己适合哪一个，咱们放心去拍。	0
你只要是针对想针对皮肤层面做好一个保养的话,你必嗯二号链接宝贝是可以盲拍的,它天然成分对身体没有负担.所以你只要爱美就能吃,	2
拌在乳液和精华里面，厚涂于我们的面部按摩吸收。	0
我们的铁元素也会被带走的那又或者我们生理期那几天,流血铁元素也在流失熬,加班工作压力大啊那几,对不对?还有备孕期、孕期、哺乳期,我们女性真的时时刻刻.你不论每一个时期,你真的都要去注重铁元素补充这件事情.	2
肯定有效果	2
天吃一粒一粒顶四粒,别人家一天让咱吃四到六粒,那是因为他们家钙的含量不够.	1
上半部分半部分有特定的点，我们想要有针对性的去实现身材管理的四号链接，长今茶更快更猛，更有针对性、更厉害的哈。	0
你有这种情况的家们都要去吃我们家益生菌啊，一号链接喝要走一单的宝吧，你们现在变不成型。	0
无效退款	2
身体容易缺乏一种营养,叫做b族	2
姐妹们啊这个啊宝宝们有什么问题都可以来跟我讲，好吧，大家可以把自己的需求全部打在公屏上啊，能用牛奶泡吗？	0
它是女人,皮肤的必备,是我们身体的必备	2
因为我们现在的明星星喜欢吃都在吃我们的地球乐益生菌,包括像他对我们的些菌也赞不绝对啊,主播现近也是有亲身体验过,所以你赶紧做我们的精神分享,像非们明星达人们主要是因为熬夜赶头过熬夜工作,所以现在导致到我们的口气问题嘛.	2
咱的自信不是靠嘴吹的,靠数据来征服大家买别人的油仨月两月啥都感受不到,是因为鱼油的浓度不够.	1
这几位朋友可以把你的关键情况打在公屏上的啊来风之七。	0
免疫力差都可以把VC吃起来的	2
从根源上帮助我们解决问题,	2
恭喜，大家没拍的，家人们有什么问题打在公屏上，我来一一给你解答。	0
因为我们并不是说什么做了一年两年啊，对对，我们也是一个真正的一个百年的一个老品牌了。	0
还不管它人工啊,支架它就会用钱了.家人们到那时候,咱可不是花几十块钱的事了,一次就得十几万块	2
我们都有的直播间一系列保证，我们都是能够去给到大家。	0
所以它对身体来说是没有任何的一些副作用的	2
咱深海油的现在吃还不晚,抓紧时间吃起来方向不对,努力全白费选,对产品很重要.如果你就不管它,它会越来越窄,你再不管它还被堵住了,就是冲出来都不对,还不管它人工支架,这是我们家就得用起来.	2
运动员你要知道运动员的要求是比我们高出很多倍的.所以姐妹们,你要知道他们吃的产品	2
可以控糖	2
及早的发现重视调理改善呀,因为便秘这个问题咱拖不好也走不好,越往后拖呀,花钱越多了.	2
因为效果好？	0
爱咬手指甲的,晚上睡觉出汗多的,爱磨牙的,四十岁以后爱抽筋的啊,上楼梯啊,上不去,走路,膝盖咔咔响.当有这些情况的家人啊,您就应该抓紧时间点击咱下方小黄车一号链接吃起来咱果药的这款钙了啊	2
把咱缺乏的b族补充进来的,缺乏的补充到位了.咱身体这些信号也就没有了哈	2
个需要一定的时间,我身体的陈旧性的斑块也好,我身体出现的斑生块梗阻	2
经过国家审批标在瓶身上的一款产品	2
你会发现你有很多什么品牌的一些护肤品没有用,为什么呢?因为你的免疫力差,你的肌肤屏障能力差,你应该对这个词儿很很熟悉,屏障能力差,对不对?所以你脸上就会有一些红点点,经常容易血的.所以你更要把维c吃起来,它会保护你的肌肤,让你的.	2
尤其,咱们上了年纪上了岁,的五六十了七八十了,年纪大了,缺钙比较,重.那么咱吸收能力呢也是越来越差了啊.所以呢像这些家人们就应该选择咱国药的这款添加了维生素d三的软骨钙了.	2
那问题呢可以打在公屏上，主播看到呢会给大家一一介绍。	0
到最后你去咱们白大褂,那里边不是多少钱能解决的一个问题.	2
它对身体是没有任何负担	2
来我们的米小米米，小米平时有没有？	0
选项二，一百六v一二百六VC正好是一百这么一个套餐，一个小周期。	0
清扫斑斑泥的功效,国家给披在盒子上的孕妇哺乳期备、期都能够吃的级别还可,涂脸啊跟我们,	2
如果咱们一味的不去管它啊,你摩擦时间久了呢就会出现酸痛肿胀,就像咱们吃的大骨头一样,外面包裹的脆骨就没法用了.	2
越早吃起来,我们深海油越好,时间久了,血管还得给它清洗一新的人也是一样的.	2
七天无理由和运费险我都买好了，您可以带回家，赶紧捡起来。	0
那为啥就说唉三十岁之后就开始走一个下坡路了，因为咱们三十。	0
其实很多人他以为说哎呀，我这个外表想拿到一个好的成绩，我就是看称称上的数字，对吧？	0
呃，这位牛牛牛宝宝看你这边下单的时候，付款是要什么顾虑吗？	0
三高	2
以维生素e是一定要去吃的,它的功效是内服美容,祛斑的它不是帮,去淡它是以内养,真正去给咱解,去去的	2
宝贝当然可以了，我跟你讲，你知道为什么会出现的，你说的那个问病体力吗？	0
早拍早发主播都感受名额不多，出两片，抓紧时间秒拍秒付。	0
可以尝试下内服保养新粉宝宝去拍二号链接套餐。	0
拍的话呢我们可以直播间下单了。	0
家人们今天啊咱们不求利润，只求涨粉了。	0
然后呢，还有我们一链液还适合就是平台的。	0
身体的b族营养素补充不够的时候,我们的身体会给我们发这个各种的信号告诉你们缺乏了.	2
因为它对身体没负担	2
所以有斑去清扫霉霉斑的话去预防.所以十三你可以搭配上外膜一块去用吧,	2
咱不是靠嘴吹的,咱是靠数据来征服大家买别人家的油,你仨月俩月的你啥都感受不到,是因为鱼肉的浓度不够.	1
因为我们家VC的原料是提取针叶樱桃的，不是普。	0
咖啡这一款呢呃怎么说呢？	0
钙吸收	2
它是会让我们菌群去达在一个相对来说平衡的一个状态。	0
不是靠嘴吹的，是靠数据来征服大家买别人的油仨月俩月啥都感受不到，是因为鱼油油浓度不够，咱们家鱼油每粒都在百分之九十五以上，满足了大不？	0
没有不适宜人群	2
想换的话怎么换呢？	0
我让你吃不好，对不对？	0
它是明确的把美容去黄褐斑批除在产品包装上有斑,我帮你帮祛斑,没有斑,我帮你预防斑的.	2
如果说你第一天就是说比如说你有这个问题的，你就早上空腹去喝。	0
我们大家里面有没有一些小朋友、小弟弟小妹妹啊，就比较挑食的，不爱去吃一些瓜果蔬菜，比较喜欢小零食小辣条，或者是比较喜欢吃肉肉的那像这种饮食结构均衡，有这种膳食结构均衡的话呢，她也是会比较容易说嗯，不费尽小朋友三岁以上就可以来喝了。	0
所以过敏的体质乳糖不耐受的体质也是可以吃的哈。	0
它对于关节的一些磨损程度啊是有在的.而氨糖的话,它是能够对咱们关节当中给到大家进行到一个保养.	2
黄色沉人款清新水蜜桃口味酸酸甜甜口感也可以帮助我们更好去坚持哦。	0
双a搭配带起来，二号链接给到大家，还有买到我们家二号链接的吗？	0
所以说这个也是为什么其他品牌经过这么多年一直想模仿咱家，但是始终都模仿不来的原因。	0
三高	2
然后四号链接价格开好了，你可以看看你想要拍哪一款都有所管拍了啥？	0
凭的就是成分好,瓶的是配方好,凭的是效果好,瓶的是口碑,瓶的是效果,对不对啊?所以说这样的钙啊经过多年市场检验,经过大家的认可,你吃起来是不用担心的.	2
对价格价。	0
顿饭，你明天只吃两顿饭，一天只吃一顿饭。	0
诱导	2
你缺钙补钙一定是越早补越好,补越脱越不好补了啊,那我不是危言耸听来吓唬大家,是真心的不行.望家人们,你把钙这么小的问题,硬生生的拖成大毛病.	2
其次呢就是这五种果蔬呀，也是到地的一个选材，里边是有南瓜、银耳、茯苓与芦荟玉米当中提取出来的。	0
谁抢到算谁的?	2
包括就是说对不对？	0
明星	2
院线级别	0
酸酸甜甜的一个口感，真的蛮好吃的。	0
感觉自己的话呢肠道不得劲啊感觉，己代谢比较差的啊这个橘，你都可以及时去喝起来及时的话，去补充起来的啊那一号链接，话呢能拍怎么东西，的啊日常我们大家去，一罐水粉是比要六十九买一罐水发一罐。	0
世界五百强	2
天花板	1
来。	0
那这时候像这样的情况下，再去原焦糖讲是不是更加尴尬。	0
它其实是一个吃法，早上吃维c晚上吃维e。	0
要拍药带的话呢，我们可以直播间下单了哈。	0
就拼完数了啊,还有两单了啊,还有两个适合的家们拼手速去捡漏,看看有没有能抢到的就赚到的.没有抢到的家们就别生气啊.	2
雀斑	2
再一个PICC中国人保给咱承保的大品牌，买家心吃个放心。	0
所以想针对皮肤保养效果更好的话可以吃它.那它呢对免疫力也是非常好的	2
.所以咱一定要吃为也以内去养外的形式	2
俩月三月成都感受不到，是因为鱼油浓度不够，颗粒来凑咱家油。	0
你不关心孩子大脑发育哈,总有家长关心你,不给孩子带到大脑营养,你不给孩子吃d一只,总有家长给孩子吃,那希你你家孩子比别人家孩子更优秀的营养,你就不能给孩子落下.	2
就拉拉不出来的，宝宝，怎么姐姐给你讲哈，口干口臭像，种情况都要去吃我们家益生菌啊。	0
像我直播间的姐妹。	0
中国人保给咱承保的大品牌	0
是的，来一号链接品拍的，包括你今天来到直播间，所有人如果不会穿，不会选，没有关系。	0
这是官旗店，每个盒子的背面，它都有官方的防伪码，可以刮，可以扫，上面也有电话，电话是免费的，可以免费的，拨打电话去查询，都可以假一罚十，有运费险。	0
你带回去是药剂,并且拿去都有专利,都有证书的,	2
我们免疫力更好,体质更好	2
就是无论说是雀某斑、晒某斑,是不是某黄某黑某斑的那都是推荐大家,	2
新人体验价九块九一盒哈，九块九一盒，咱每人可以限购十盒。	0
秒拍秒付主播下播了，给他发货，直接给大家走走。	0
有的各位宝贝吃进去以后，做到不只是吃钙补钙，能够去帮助到各位香肠粉丝，做到抓钙去锁钙，减少它的磷活。	0
小宝看过来。	0
可以常年吃,对身体没有任何不好的影	2
教大家一招哈。	0
早上一定要吃颗维c的	2
家人们,大家都骑过自行车,都知道车链子骑时间久了,需要给车链子上上油,更何况是咱们每天你去磨损的关节呢?缺钙补钙一定是越早补越好补的啊.家人们趁着今天我要给大家做了补贴,吃钙便宜.	2
那您可以去选择新鲜茶宝贝儿，是吧？	0
因为我们做了拿不到这样的合作的，不达标的，知道吗？	0
我这边要先截波订单，好不好？	0
罐子里面的话呢是粉末状的啊，宝贝。	0
咱的自信不是靠嘴吹的，靠数据来征付大家买别人的油仨月两月啥都感受不到，是因为油的浓度不够，咱家鱼油每粒都在百分之九十五以上，满足了大家对不饱乳酸一天的需求，吃了它别的油就不用再吃了。	0
有斑清扫斑霉斑粉抹防让脸蛋更干净,还可以涂脸维c维充素b族,它是搞身体的.比如说我们长期熬夜,就不管是忙工作忙,家庭被迫熬夜呀,或者是咱们这个嗯身体比较累啊,压力比较大,作息不太规律,营养不太均衡.身体给您发出一些信号,你都是吃入b族一粒补充八种.	2
因为的话呢你熬夜喝酒已经出现问题的时候,说明心脏早已不堪重负了.这个时候你还在去升绿瓶的基础版本的效果是没有那么好的.尤其这一款,它还是明星秦楠同款再吃.	2
咱直接把功效经过国家认证批在盒子上了	1
我们今天日就福利价格都是福利款，非常划算的。	0
临床实验	2
如果呢有时候我们呀约会呀聚会有一些重要场合，担心嘴巴还是有小异味的，多吃一颗也是没有问题的。	0
猪宝贝两万亿，不是两千亿啊。	0
松实现身材管理产品.不是说我在这里王婆卖瓜子卖自夸的,有到国家食品药品监管管理批准的哈宝贝都是持证上岗的.不是那些咱大家没有听说过品牌	2
有哪些家人要立刻吃起来深海鱼油来听好了,像大家有事儿,没事,就来一个喝一杯的,三高的,拿着手机搞手机头晕眼前,片黑的不管大,是几年十几年现在还没,吃起来深海油的抓紧时间现在吃还不,方向不对努力,白费家人,选对产品.	2
世界五百强	2
三号链接血样一到手是一百二十d宝宝，只要b族在二号链接血样液线下同款一百九十八元，一一点儿不扯谎。	0
是的啊，再给大家看一下，生理期可以喝啊啊，悲伤浅笑，生理期可以喝啊，我们的清晨姨妈期可以喝的。	0
今天拍今天发三天，两天就能到您家。	0
我的压脂糖是有很大的问题的.我的一个身体的甘油三酯的一个胆固醇的含量是有很大问题的.	2
但是你在流失胶原蛋白肽的时候，你怎样去补充呢？	0
不管说你吃了就拉拉不出来，口干口臭，加入我们家肠肠道具，能够生活服务小肚肚的，并且还加入三大猪菌，叫做我们家这些菌猪，能够让我哥哥姐姐做好吃吗？	0
而且呢咱们家这一款益生菌,它是有一个独创的免疫力专利技术.什么意思呢?	2
如我脸上开始长斑,我想去清除它,没有斑,我怕长斑,我想去预防皮肤,较粗糙干燥上,卡粉,你都可以搭配维生素宝贝维生素e	2
但是我们家维c它是百分之百全部，针叶樱桃针叶桃，维含量和营养c。	0
这些宝贝可以给我们主播点点关注哦，有问题的宝贝，你可以打在公屏主播，你可以一一为你解答我们们链链最后的一一单库存，能拍的的宝宝贝抓抓紧时间秒秒秒。	0
你要是一句话跟我说完，我直接推三号。	0
而且呢我们这款钙呢它那种小分子的高转化好吸收,温和不刺激,没有副作用的	2
然后晚上晚饭过后，我们再去搅服一粒维生素c温水去吞服一粒维生素b，这是三款吃法问题。	0
皮肤问题	2
咱家只有这款维e天然维e内服美容祛蚊斑	2
疾病症状	2
草莓油粒园,你放心买放心.拍拍了之后,你跟我说一声,活动划算价格给力纠结.由于我没有这个内症,暗巢蜡黄的小脸,不够改进的黄褐斑,老年斑、晒斑、斑色斑斑、皮肤,没有光泽的,不觉着不舒服的都去买天然维生素斑且添维生素e呢能够明确的把美容去黄褐斑批注在产品包斑上有斑,我帮你清除斑,没有斑,我帮你预防斑而,	2
每个菌菌里面都有自己的身份证,都是持证上岗的,而且都是经过了三方检测机构,以及说权威专家的双重认证来着的.所以大家可以放心拍,	2
所以说咱们长期喝橘粉呀，长期补充菊粉都是比较好。	0
诱导	2
因为呢这款菌株呢它是一个纯纯草莓粉的一个唉一个调味，所以宝爸爸。	0
你怎么买呢？	0
是的，蓝色跟黄色区别，宝贝黄色是我们成人款，嘴巴有小异味的，都可以去戴这个黄色的一号链接哦。	0
为我们现在某明星达人们都在吃我们的低层维生素,包括括像对对我们生菌也赞不绝口的啊	2
活动结束之后,谁拍都是一瓶家,人们需要的赶紧捡捡漏,还有两单,谁抢到就是谁的.家人们像大家有事儿没事抽烟喝酒的,三高的拿手,找手机头晕眼,面黑的不,大家你是几,十几年现在还没有吃起来,油的抓紧时间现在,还.	2
你要知道像你要选择一个好的富铁软糖,一定要去看它的这个含铁量的那你像在其他直播间,包括说有些品牌是不是卖的也挺好的.我说实话,其他咱们就是说一天可能要让大家吃个八九颗十来颗.因为添加剂它的含量低,所以得用量去凑.	1
胀气	2
错过之后呢，就没有这个价格，更加没有这个机制了。	0
所以你们自己如果说有这种需要有这种需求的,你们自己抓紧时间,不用去拖,越拖越久越拖越多越拖,越麻烦,越拖越严格重好不好?	2
如果说你今天有需求，大多部分姐妹姐妹是吧？	0
其实二号你是可以盲选的，咱只要家里有水乳精华面霜，就说明你很注意养。	0
咱们有新陈代谢的宝宝，还有问题的话呢，我们可以扣问题。	0
认准大品牌国药集团世界五百强正八九要起.再一个PICC中国人保检查承保的大品牌的买达心,你吃的也放心.附近店里小区门口像这种品质产品起码得一百多,对不对?	2
每一盒都是有PSG人保给咱们承保的人，保大公司承包了咱们的品质承保的。	0
橘粉带回家喝起来。	0
想要拍想要袋的话呢，我们可以直播间拍直播间带了哈。	0
所以有斑清扫斑没斑,预防	2
橘粉拍回去当做一个额外补充。	0
今天直播间的话，来八十八块钱到手六盒一盒的话，咱们是有粒儿的啊，一天吃一次省事儿，简单，咱不费心啊，咱不用说早中晚都要吃的啊。	0
你没有那些所谓的副作用,没有那些所谓的依赖性,二十四年了,没出现过喝我这个东西喝坏的人	2
又想要素颜好看,你又想去什么?咱要求高一点,姐妹咱不要淡斑咱要,斑啊?咱又想要素颜好看,又想祛斑的你就,二号链接微笑阳光量,量中量少,你可以选我面前展示的,这个是二号链接选项,二是一百六十一元,一百二十粒,维e一百二十粒. Vc等量搭配各一百二十粒是一百二十一呃,一百六十一啊一百一一、一百六十一块钱.	2
包装上有斑,我帮你清除斑,没有斑,我帮你预防斑而,	2
所以宝贝皮肤需要维c免疫力,也需要维生素c全家老小容易怎么样?感冒的免疫力低下的吃什么是天然的维生素浴足c宝贝有黄褐斑妊娠斑老年斑、晒斑雀、认准我们,	2
今天咱家这款益生菌的，我们是一个三点的一个升级版的，对不来？	0
宝贝们，像我们直播间有没有宝妈们，或者是说我们有肚肚不舒服的人群啊，有肚肚问题的啊，我们可以在公屏上扣个一，有没有？	0
国家审批,临床把关	1
而关节当中呢所发生这些问问题啊大，可以看到另外，会有到一个什么来软骨素你突然，下这个膝盖咔咔作响活动一下，膀骨头与骨头，间发出响声的这个是缺少软，素了。	0
们要通过内圾来清扫斑霉斑,我们去要预防,	2
来一号链接啊，因为只有最后两个名额了。	0
吃完再来买行行有斑清扫斑没斑,预防	2
我帮你清除斑,没有斑,我帮你预防斑.	2
六百毫克钙，我们相当于是喝到六杯普通纯牛奶的钙含量，维d酸促吸收，维k二促钙入谷饮钙入骨，来小颗粒感给你们更好。	0
好不好？	0
所以说中年老年人一定要去把软骨钙去吃起来啊.	2
口味？	0
每一盒的话，家人咱咱们是一个个症状。	0
而且我们还有经过第三方检测机构,以及是我们的权威专家的双重认证,让大家可以更加放心,也可以更加安心一点啊.	2
四、只要订单金额消费在一百二十八，直接安排到胶原蛋白肽，送大家来最后一波一分钟。	0
有没有姐妹？	0
来不知道怎么吃的，我讲吃吧，讲完吃吧，结束两分钟之后，不再补贴大瓶装了啊，再发就是。	0
来，那咱是不是要做什么选择大品牌的姊妹，咱是嘴里吃着喝的啊，宝子们来是不是要选择安全型择靠谱的宝宝们，对不对？	0
人保	0
预防养护	2
越好,时间久了,血管还得给它清洗清洗啊对	2
好的，你的备注宝宝你想要分开去吃？	0
科学搭配都是国家批准的功效,纯纯天然的哈	2
这个是叫粉末状的制剂，为什么是做成这样了？	0
咱缺的不只是钙,缺少的是润滑油、软骨、钙、软骨钙加硬骨钙一起吃,这才是正确的.吃钙方向不对,努力白费,骑自行车时间长了,补都知道,给链子搞搞油,身体也是一样的,也是需要油的.所以说还没有吃起来软骨钙的,抓紧时间咱拼手速啊.	2
只要b组的在三号链接，血氧一b组，我需要搭配其他维生素的姐妹都在三号链接，那们年龄过了二十。	0
一定要喝	2
我们每日一次，每次的话是一到两条，呃，我们饭前饭后都是可以去吃的哈。	0
来主播告诉大家啊，所有的益生菌里，不管你去哪儿买啊，不管你去哪里买啊，你可以去线下里面店，你也可以到网上去买啊，到任何地方你去看。	0
平常容易感冒的免疫力的问题的对不,您就搭配上维c去吃天然的维生素c宝贝,你看这儿它是明确把免疫力的效果批注到瓶子上面了.	2
一批在八十五以上，第一是在十以上还给你添加鱼好搭档，大家都能吃双管齐下，让你感受会更好。	0
愈合房	2
但是市面上很多干片的话,它它个水肥基病含量只有到几千毫克,尤其还是单一成分配方的.	2
认准咱家配方啊,别人家比不了,我们里面配配药表清晰可见,没有香精色素卡拉胶,没有不好的物质,有的是什么有的是.	1
这个是我的顾客,他是真实喝了一个月的时间,你会明显感觉到你看水分是不是在增加,皱纹也在减少,细纹也在减少.	2
一定是维生素e和c这一套你都不用去纠结	2
把美容去黄褐斑批注在产品包装上有斑,我帮你清除斑,没有斑,我帮你预防斑	2
很多人就说主播你们家鱼油为什么这么好用来直接看配料表，干干净净的，没有任何科技与混黄。	0
第二点就是咱们会有斑,像我们的黄褐斑雀斑老年斑它都管,/所以有斑我们就通过内服来去清扫斑霉斑.	2
我们状态更加年轻态,有帮我们的清扫斑.每白斑,我们去预防来让	2
您的这三个字儿吧，大英子拍。	0
您收到货，你发现它有任何的一个呃破啦烂了，或者有任何的售后问题，都可以回来找我的，好不好？	0
对不对?还不管它人工支架就得用起来了到时候,不是花几十块钱的事儿了.一次就得十几万块	2
便秘、打嗝	2
哥姐妹，如果说你今天有目标来带着目标来的宝宝告诉我啊，姐妹，你如果是姐妹大目标大斤数容易卡在平台期顽固性体质的话，姐妹咱们家产品有好几个听我去讲啊，我们家很多姐妹在纠结千心茶，还有常金茶，它俩有什么区别，对不对？	0
朋友们，你可以放胆去吃上到一百零三岁下到三岁。	0
对的，所以你不同的情况带回去是有不同的变化。	0
有冠膜性问题,那很正常的好不好?很正常的呃,可以单独吃,	2
而且呢大家看啊国内百分之八十的一个益生菌啊,都会有一个问题啊,就是它人群是受限的	1
对，您拿到手之后都是这个哈，产品都是一样的，都是这个嗯，对，咱拍一号链接就可以哈。	0
黄保斑,雀斑有善毛斑	2
所以家人们现在还没有吃起来,鱼油的,趁现在有活动给自己准备上抓紧时间吃起来.	2
软骨在日积生活日积月累的生活当中,越磨越呢越磨越瘦,越磨越没有千疮百孔.这个时候当大骨碰大骨、大骨魔大骨那个滋味.	2
活动结束之后,谁拍就是一瓶需要的家人赶紧捡捡漏,还有两单抢谁抢到是谁的.	2
功效强	2
钙尔奇卖了三十多年,尤且只有一号链接啊,我们的MK之前的维生素k啊,然钙更好附着在骨头上面,素钙入骨以钙入骨的.	2
想跟我们的同龄人拉开一个年龄上的差距,就吃瘟饮有斑,去清扫斑没斑去预防让	2
斑斑点点	2
黄褐斑老年斑晒斑色斑皮肤,有光泽了.买添维生素e添维生素e是明确的,把美容去黄褐斑批注在产品包装上有斑,我帮你清除斑,没有斑,我帮你.	2
是不是你如果今天在我直播间里头啊，所有来到直播间的来我们的这个棒棒糖，还有我们的这个棒棒糖小伙伴。	0
如果大家大家不相信我不重要啊，打开一号链接，看看详情页，再去下单，好不好？	0
因为你本身年纪大了,你可能就心我说代谢也没有我们二十三岁那么好了.而括很多长辈骨质疏松、腿较冤,哪特别厚度不容易,好睡眠,质量差都会有一点,对不对?	2
点关注吗?点点关注好吧.肤色比较暗沉,蜡黄的小脸,不够白净的黄褐斑,老年斑晒斑色斑皮肤没有光泽的去买天然维生素天然维e素呢它明确e把,容去黄褐斑批注在产品包装上有斑我帮你清除斑,没	2
用管不管用没关系，你可以带回去感受体验一下，喜欢满意，想留下，不喜欢不满意，直接来找我。	0
不管大家是几年十几年,现在还没有吃菜,深海油的抓紧时间,现在吃还不晚,方向不对,努力全白费选对产品很重要.像平时我们吃饭重油重盐的,经常吃外卖,晚上熬夜经常久坐不运动的,这个时候会么年龄的增长逐渐沉积很多脏的东西,粘稠东西.如果你一直不管它,它就会越来越再再不管它就被堵住了,就得撑一穿,对不对?还不管他人跟我支架就得用钱了.	2
直接发货保真，保证保质保量，保售后的，让大家买的安心用的放心。	0
如果说是有不会喝的，这边的话呢也可以来看一下咱们家橘粉的一个喝法。	0
哪怕我是备孕期啊,生理下更年期您都能够长期爱吃,对咱身体来讲没有任何负担,	2
一次要囤货富的家们,抓紧时间,谁抢到算谁的	2
根源上去解决这一些问题	2
你那个时候万一便秘了很麻烦，你就选一号没错，更温和，而且没有慌啊，没有糖，很温和，一款不会上火长期，持就不会便秘。	0
这个摇杯是现在买，我给你加送的，我自己给你备注的哈，不在套餐里面，六点以后就没了。	0
老师给温暖宝贝儿备注好我们的粉丝礼赠，并且备注加急发货。	0
大家也知道粮食量的酒，它的一个蛋白，对吧？	0
如果说你一直不管它的话,咱们的一个小问题是不是就变成了一个大毛病了,到时候你再去找那个医生的呀对,对?你吃钙的一个方式不对,你吃再久的一个钙,它不就是白浪费了嘛,对不对?所以说还没有吃起软骨钙的家人们,一定要抓紧时间了,好不好?	2
世界五百强,咱们国货品牌的天花板.	1
好。	0
都可以预防	2
所以我们今天来到直播间的所有小姐妹的话呢，大家都可以去感受一下啊，大家都可以去感受一下。	0
那如果说您这不管的话,它就会越来越窄,再不管它它就被堵住了,咱们就要给它冲冲了,还不管它人工支架,要用钱来吧.到那个时候,您可不是花几十块钱事儿,一次就得十几万.	2
血管还得给清洗清,	2
还有哪里没有解释清楚，没有解释明白的话呢，我们可以问一问主播哈。	0
不是六十粒的，每天睡前三十分钟，吃两粒，一罐就可以吃三十次。	0
然后欢迎我们的这个awaitawait也是来过我们直播间的，是吗？	0
您不需要再吃了维生素,也不需要再单独的去购买,花一份的钱.补充到的是一款更全面、更均衡的营养.	2
来，咱们主播看到了啊，来小助理备注登记一下，安排三十包试喝啊。	0
血管	2
钙片的话，对不对？	0
其次呢像菊粉它的一个聚合度也是比较高的。	0
咱们三岁以上到白素人都可以去吃女人心。	0
功效强	2
世界五百强	2
所以你不管是高含量低含量，咱全都有看你自己需求。	0
今天你是为了这两个字来的，咱们是为了身材的管理来的。	0
一笔一票票给投出来的结果,而且像迪丽热巴、秦岚舟夜陈丽君自己都在吃,并且自己都在推荐到的.而且像咱们前几天刚夺冠的郑清雯小姐姐,也是我们的品牌大使.	2
对我们熬夜呀,加班作息不太规律,一样不太均衡,我们就吃乳b族一百二十粒	2
大家买别人的鱼油仨月俩月啥都感觉不到,是家为油油浓浓度不够,咱家油油每粒都在百分九十五,以够满足了.大家对不饱饱和脂肪酸一天的需求,吃了它别的油就不用再吃了.	1
生菌还经过第三方检测机构,已经是我们的权威专家的双双重证证,	2
恒家问问主播,那拥有有哪些好处啊,有哪些家人们立刻刻起来,深海油的的听听,好像大家有事儿没事,抽烟喝酒的,三高的,拿手机找手机头晕眼前,黑的.不管大家你是几年十几年,现在还没有吃起来深海油的抓紧.	2
你看到我发给你的清单呃，牧羊要交那么多，我找到谈的事，他也但是找不到股效是你，但是你一个软件不过不是好，那个女在那裹韭菜，那时候他起诉那个嘛，他起诉起诉任何的公司，因为公司完了就注销了。	0
活动结束之后,谁拍都是一瓶集团,就不再补贴了,需要的家人赶紧捡捡漏,还有两单,谁抢到是谁的?	2
但是您这边因为关关节节的问题和软骨的问题,站站不起来,走走走不动.那那这个时候候把咱咱家的二胶胶原片一定抓紧时间去给我去吃起来	2
长胖去吃,对身体它是没有负重,没身体,没没有任何依赖性,对身体也是没有任何负重影响.	2
像市面的维b呢,它只给大家添加了一个单纯的b一或者说b二.朋友,你想一下,咱们今天缺b一,你去买b一,明天缺b二就去买b二,整天不干别啥事儿,光买维生素吃了呀.	2
天然维生素e呢它是能够明确的把美容去黄褐斑贴注在产品包装上有斑,不帮你清除斑,没有斑,我帮你预防斑而,天维维生素液还有大量的生育酚生育,育期保你保好,生育系统.	2
一定会趴附在我们的血管壁上的.它一定会趴附的.你的血管不会有,除非就是你是一个家族性原因,导致我们的血管壁的一个收缩压,包括是小类型群体的原发性问题.除非是这种情况,其他引起你的压制的问题的情况,	2
功效强	2
诱导消费	0
当然有些宝贝可能已经有去使用过市面上一些漱口水口喷啊,或者说益生菌牙膏这些呢我也是比较不推荐的漱口水呢,它只是把咱们口腔里面食物残渣的一些洗漱掉,暂时去掩盖味道,用到大部分还是化学成分.是的,如果说呢你长时间使用,它会不会里面原本的菌株细菌,还有一些口喷啊,口香糖呢,它只是用到糖跟香精去掩盖味道了.	1
包括它比一些就是还要年轻的姐妹,皮肤呢还要好.	2
类要越早吃起来油越好,时间久了,咱们血管还得给清洗清洗呢对	2
为什么有这么多人会选择我们家？	0
如果说我们有需要呢，家人可以点进去了解一下我们的每款产品怎么申请到，都在咱们的专场，可以价格加入。	0
?国家给批准的功效.国家明确把天然微液把内服美容.	2
像橘粉的话呢，带回家呢是全家都能喝的。	0
家人们赶紧捡捡漏,还有两单,谁抢到算谁的,还豆家人的鱼油有哪些好处?	2
需要的家人,你赶紧去捡捡漏,还有最组三单,谁抢到就是谁的.听好了,像大家有事儿没事儿,抽烟喝一杯的,三高的,您拿着手机找手机的家人头晕眼前,黑的不管大,是几年十几年现在还没,吃起来晒海油的抓紧时间现,吃还不晚,方向不对咱努,全白费选,产品很重要的.	2
可以提高自护能力	2
对对的，因为咱现在很多明星达人们都在去我们的地球的生菌，包括像它对我们神菌眼赞不绝口的啊啊，我们自己也是有亲身推亲不绝验过，暂时是没有试吃的啊，咱的益生菌都是没有试吃的啊。	0
能做两单了,秒拍姐妹来抓紧手速,抓紧手速.是的,直播间的酒窝姐妹,还有吐司泡泡姐妹啊.呃,我们一号链接只有最后两单了,秒拍秒付纠结,犹豫徘徊的.今天真的是白来了,我们机会不是天天都有的,惊喜,不是天天都有的啊,姐妹们机不可失,失不再来哟.	2
还有呢我们一号链接的退苏睡眠软糖宝宝看看我们是有食品安全和营养检测报告看到了吗?红脏脏认证的吃到肚子里面的东西,它对我们的身体是没有任何不好的影响的.	2
但是多了三十粒的维生素e宝贝，而且还是一个很可爱的一个旅行装，我是把它当分装瓶用的。	0
咱一定要抓紧手速，对，咱过两天咱这个就要恢复原价了。	0
今天你就算没拍到的宝贝没关系的，你去选择其他产品，宝贝都是给到你们有吃喝装的，对不对？	0
今们的林宝贝任宝贝，用户宝贝拍了备注跨码。	0
刚刚开始的拍一号就行了，一人节十盒，咱们成年人一个周销量。	0
好不好？	0
喝一杯的三高的,拿手机找手机,头晕眼前,片黑的.不管管家是几年十几年,现在还没有吃它深海油的,抓紧时间,现在吃还不晚,家人们方向不对,努力全白费选对产品很重要.	2
常夜晚哭闹,抱着胳膊抱着腿这里疼,哪里不舒适的那经常感觉到大半夜容易出现.夜间哭闹.同时呢十岁到十八岁阶段青少年了,每天大量打运呃,大大量的这样的一个运动打篮球、踢足球.那学校同学们一起在去弯腰学习写作业的时候,那是不是久而久之发现小朋友自己家孩子跟同龄人差距越来越大了.那两个分的话,其实都是需要去进行一定用量钙摄入.	2
想要去清除霉斑,怕长想要去预防的维生素e,e肤比较粗糙上	2
氨糖买回去的话，一瓶里面是一百二十粒的。	0
所以我们如果今天来我们家直播间的，我一开始跟你说，我针对栓，有可能你不信，有可能你不信，有可能你并不是特别别解，有可能是是质疑疑你怎么会能针对这个，你怎么这么牛呢？	0
因为我们今天库存不多，拍完不加单不返差，大家能拍冷敷的话，一定要秒拍秒付款哦。	0
帮你清除斑,没有斑,我帮你预防斑而	2
目前一时三刻它不致命,除非到了很厉害的时候,他才会致命啊什么我们的压制二级了,三级的时候他会致命,对不对?影响我们的要抱管了才才致命.	2
它根本不挑人群,它里面有软骨,有硬骨,有各种维生素啊,所以说全家吃全家补,全家补全家受益的,全家受益的.你像咱们中老年吃钙就要去吃乳酸钙呀,包括小朋友吃钙就要去吃乳酸钙.	2
对你说直播间的，我说的再好，再天花乱坠，是不是？	0
宝贝看一下，一天三次，早上空腹喝中餐跟晚餐，餐前喝，喝的时候，水温四十度以下，水量一百到一百五十毫升，喝完。	0
尤其是你们是二十五加以上的皮肤，已经在开始慢慢出现下坡路的，对不对？	0
我们不需要像别人家氨糖一样，买个五瓶，买个十瓶的，不需要我们五十岁以下，我们就吃三瓶。	0
它是专门非常适合我们一些就是肾不全的这些家人们去看一眼的，好不好？	0
所以说咱这个价格呢还是很划算的，姐妹还是很划算的，对不对？	0
姐姐们,咱该补钙的时候一定要趁早啊,尤其是咱们上年纪上了岁数的五六十了,七八十了,年纪大了,咱缺钙呢比较严重,那么咱吸收能力也是越来越差了啊.	2
就像我们家刚号宝贝，还有我们家s乳件，我一盒里给你添加的是咱们一点二万亿的益生菌的一个活菌力十八种的一个复合菌素和四代益生元，更加适合咱们国人的一个常常道的的贝贝们配料表上咱益益生菌和益生元，没有其他的东西。	0
就像机器,咱们需要添加一个润滑油一样的.所以说家人们咱们不只是要去吃一个硬骨钙的啊,软骨钙也是要去吃的,双管齐下,咱们才能看到更好的一个效果的对,对?	2
我们的这个易楚贤一楚言,罗姐姐丽丽枝,还有我们的小美,我们的人彤彤啊,大家如果说信任我们家信任我们家恩威因威的信任我们家那个易建联做代言的,信任我们家三百七十二项农产检测的,你可以直接去拍啊.	2
那如果说你是不管的话,它就会越意粘,再不管它就要被堵住了,就要给它冲冲,还不管它人工支架就用起来吧.如果您就是吃完两两斤的海油和贝雷的要越早吃起来,我们深海油越好,时间久了,血管还要给它清洗清,人也是一样的.	2
b族,它是管咱们身体的营养素	2
我们这个钙是完完全全不挑人群的.	2
像比如说一颗真樱桃里面的维c含量，它是相当于普通樱桃的两百四十四倍，相当于是一菠菠萝的一百一百七七五倍，是不不相当于是一个就是橙色的一个七十四倍的宝宝是这样子的。	0
六、赠新车心，今天天主主备分，现任主播肯定会还您是非常满意。	0
维e维c对咱来说就是刚需啊\\解决我们皮肤问题	2
如果说咱们的东西不好,质量,不过关人保他也不给咱们做承保的,因为他们也是做单子的,而且都是有专冠军为咱们做代言,有冠军给咱们全程把关.	2
功效强	2
咱可以把这个胶原白补充到位，让我们肌肤更加饱满，更加膨胀，这是她干的事儿。	0
干吃啊，口感也是非常好的原材料。	0
因为像我们这边啊，也都是老粉复购会做的比较多很多啊，都是老粉喝过橘粉，就唉觉得还不错。	0
我们不是杂牌子，咱不是三无产品，所有说呀放心来拍，放心来用了家人们啊，一天睡觉之前吃上一次温水吞服，不光可以吞服。	0
世界五百强	2
能够标注在瓶身上的维生素EE,就是针对色斑针对,肤以内效果想皮肤	2
新仁茶还有常见茶，常润茶，这三款都有适合装的，都有四天好不好？	0
维生素维生素维持咱们生命的一个必要元素。	0
如果说有什么问题的话，那我们可以在咱们直播间呢停留一会儿，也可以等你们一会儿。	0
姐妹一定要吃的	2
都是有PSC人保给咱们承保的人,保大公司承包了,咱们的品质承么?咱们质量.如果说咱们的东西不好,质量不过关人保它以为咱们做承保的,因为他们也是有承保的,因且都是双冠菌,为咱们做代言,有冠军给咱们成人把关,咱们吃的安心,吃的心心,	0
咱都是可以放心吃,放心入的	2
所以这款的话呢干片不管是在品质成分、含量效果,它都是远超市面上同类产品的.	2
那VVC。	0
所以同然对身品没有负	2
都是经过国家批文、保健食品认证层层.在的持证上岗的,有到国家食品药品监管管理局批准的宝贝批次	2
这时候我仙仙茶你就不能去选择了姐妹好不好？	0
咱们家那个唯一的话,姐妹要给你们再介绍一下姐妹们就哪呃,它是直接已经非常明确的.	1
而且在直播间很多宝宝来第一次来我们直播间了，像我们红鲤鱼与绿驴，对与驴宝宝可以看一下了。	0
天花板	1
你在别人家买的臭鱼烂撒的味道,你闻到都想吐.	1
那么我碧生源依旧是在这样，不敢是为所欲为的。	0
真正有效果对身体没负担嘛	2
是大家呢如果说刚好是在这个灌木的阶段来选配橘粉的话呢，它是会让我们去事半功倍的啊。	0
来。	0
秋梅姐姐，你现在有没有感觉到，就是说随着咱们年龄越来越大之后呢，所以说你现在有办公室啊，做完直之前以前我跟你说个事啊，你是能记得的，你现在给你说个事儿啊，头晕吗？	0
无正常型的收到货的每一盒全部都是新鲜日期，保质期二十四个月，收到货，不需要放在冰箱冷藏，放在常温通风干燥阴凉地方就行了。	0
所以有斑了吃,唯一想没长斑,怕长斑的.我们想要去嗯预防的也是维生素	2
三月两月啥都感受不到,是因为鱼油的浓度不够,咱家鱼油每粒都在百分之九十五以上,满足了大家对不饱和酸一天的需求,吃了它别别油油就不用再吃了.	1
然后有斑有纹啊,咱们想跟同龄人拉开一个年龄上的差距,就吃维e小脸,素颜憔悴,素颜不好看,想要素颜更漂亮,更加显嫩,更加显小.我们就吃VC两款搭配效果加倍,	2
脂类含量越来越高.那我们这个作用是什么?叫阻断阻断碳水转换为葡萄糖	0
咱们的话呢有没有一些早晨起床呀，感觉自己说话会有点味道就不大好一下，赶紧去近距离交流，担心尴尬的啊，有没有上洗手间的话呢？	0
主播呢再给大家安排的十单的库存啊,咱们十单库存,咱拼手速拼网速了,没抢到的,抓紧时间去啊,咱抢到拍到即赚到,不是每个人都能抢到的.	2
今天在我们家一号链接，你买两罐，我给您发三罐，一百三十八，带回家是三大罐啊。	0
喜欢了，给主播退回来，都是没有关系的。	0
一百七十九元，咱每天吃每天吃吃一百天三个月，三个皮肤周期，每天几毛钱，再保养我们自己的。	0
爱美至今人人有，不管是什么原因，还是什么年龄。	0
三周岁以上都可以放心冲放心带它。	0
九百一十八块钱才单才能带回家的。	0
而且咱们是恰饭堂黑标旗舰店，旗舰店，恭喜买单清车放心。	0
只要VE只想管一些斑的问题	2
我们海关爸爸要清关报税啊，是吧？	0
咱们成年人一个周销量。	0
因为橘粉咱们家检测报告,白纸黑色公章疏蔬果来自于比利时入金方嘎拉叶修的它,是一个长期都能喝它就,一个长期都能雄灭膳纤维所以说,会说喝完之后经常让你去跑厕所不会的它就是长,都能喝.所以说咱从根源上做一个解决油内外做一个变化的	2
唉，如果说咱朋友们啊，还在观望纠结徘徊，朋友们点点关注，好吧，点点关注。	0
宝贝喝完以后呢，你再来找我回购。	0
活动时间啊没抢到的,咱抓紧时间去抢,不是每个人都能抢到的.	2
喝完橘粉之后呢，要记得多喝水啊，三勺橘粉每天喝到。	0
光泽的直接买天然维生素贴维e素它确的e,容去黄褐斑的直接买批注在产品包装上有斑我帮,清除斑没有斑,我帮你,防斑而添维生素,含有大量的生e分生育分生育分帮你保好的生育系统.	2
你们自己也知道，对不对？	0
按主播说，按主播说的去做，你也一定会回来。	0
世界五百强	2
国家批准的功效把天然维,把内服美容去什么斑的功效. P在盒子上你就去市场逛叫维生素e很多长这个模一样的很多,你看看能不能找到.第二家为什么很难找到第二家?把关的你达到天然标准,你达到内服美容祛斑的功效国家,给你批准有斑清扫斑没斑预	2
预防养护	2
宝贝平时有没有那种入睡困难的失眠，多梦的明明很累很困怎么样？	0
你有斑去清,斑你没有斑去预防	2
感冒的姐妹你就,配上天然维生素,它呢c,确把咱免疫力的作用批注到瓶身上面了.三岁以上有嚼服能力,都能够长期去吃的	2
七天无理由和运费险主播都给你买好了，你可以带回家放心吃起来。	0
抓紧时间,现在吃还不晚,方向不对?咱努力全白费.这个时候会随着我们年龄的增长逐渐沉积很多脏的东西,粘稠的东西.如果说你一直不管它,它就会越来越窄,时间久了就会被堵住了,就得冲充它,对不对?还不管它人工支架就得用起来了到时候,不是花几十块钱的事儿了一次就得,几万块.海鱼油越好,时间久了,咱血管你还得给它清洗清洗的对,对?	2
家人们啊来拼手速了,去捡漏了,看看有没有抢到,就是赚到了啊,抢到奖们你就别生气啊.	2
你通过内服的形式,你才能把这些垃圾该清扫去清扫,该清除去清除啊	2
但凡都是口腔,有这方面有困扰的,都可以让它吃起来	2
不管大家你是几年还是十几年,现在还没有吃起来,深海油的抓紧时间吃起来.	2
白大褂是直接能够给大家解和决出合理的吗;愈合房	2
眼前变黑的.不管大家你是几年十几年,现在还没有吃起来,深海油的抓紧时间吃起来,现在吃还不晚,方向不对,努力全白费,咱选对产品真的很重要.粘手东西.那如果说你是不管的话,它就会越来越窄,再不管它就要被堵住了,咱们就要改冲冲了,还不管它,人工支架就用起来了吧.到那个时候您可不是花.	2
家人们赶紧捡捡漏,还有最后两单,谁抢的就谁的.	2
而且我们会长斑、黄褐斑雀、某斑老年斑?它都是会管事儿的	2
因为菊粉的话，咱们日常去喝，长期去喝的话，你去喝的肯定去补充的。	0
但是我想要姐姐不要盲目去下单，怎么去拍呢？	0
双冠军代言	2
甲状腺	2
,所以效果你可以放心国家批准的功效价格	1
现在拼手速拼网速了，有疑问扣出来嘛，是不是啊？	0
如果说您喜欢了啊，咱们留下。	0
那咱就通过内服的功式有斑,去清扫斑,没斑,去预防来让,蛋更干净.因此给你看一下包装	2
国药集团世界五百强正八强药企,再一个PSC中国人保怎样承保的?大品牌的,你们买的安心吃的也放心.附近店里小区门口像这种品质产	2
皮肤状态不佳的我们皮肤像保养的维c离不开	2
所以说一个脖子、肩膀、膝盖都是咔嗡响,就像机器,咱们需要添加一个润滑油,样样.所以说家人们咱们不只需要去吃一个硬骨钙的啊,软骨钙也是要去吃到双管齐下,咱们才能看到更好的一个硬核果的呀,对不对?	2
作它在行业内被称为高八度的存在	2
价格市小时都是非常优惠的。	0
因为大家都买过钙，都吃过钙，对吧？	0
国家审批他	2
朋友们现在去拍,现在去抢所有现天能够拍到能够抢到的家人们,全都是关机店给你发货的啊.	2
咱在家里还可以说一说，让他们少看会儿电视，少看会儿ipad，但是在多媒体啊，多媒。	0
今天在我这边全家老的产品拍的看我们三号链接，三十九号到手八盒，但是这边看我们能不能姐姐姐看毛毛亲，咱们库姐都没有去在我们的福利面额，但是有什么问题不懂的那你可以跟我互动一下，跟我去聊天，左上角点点关注就可以了。	0
我们免疫力更好的功效.国家给你批在盒子上	2
有哪些家人们要立刻吃下我们深海油的,你听好了走,像咱们大家大家有事没事,抽烟喝酒的,三高的,拿手机找手机,头晕眼前,黑的.不管大家你是几年十几年,现在还没有吃起来,深海油的抓紧时间吃来听我说了.	2
如果说你一直不管它,它就会越来越窄,再不管它就要被堵住了,咱就给它冲一冲了,还不管它人工支架就得用起来了.	2
来最后五分钟的时间哈，最后五分钟的时间，咱这个黄芪阿胶口服呀，姐妹一号链接，最后五分钟的时间哈。	0
拍下以后联系客服哟，备注一下就可以换了啊。	0
还不管它人工支架就得用起来了	2
一定要先吃v液	2
线下呢一般需要一百多、两百多，甚至于三百多产品。	0
你看这儿天然维生素e跟维生素e呢就差天然俩字儿.你天然的它是植物提取的,所以它里边有天然的生育酚,它就对我们的皮肤好,对我们身体好,能够以内养胃的形式来去清扫斑	2
宝宝们都知道，三十多年那个老品牌了了下下门店，四十五多万品品牌品质都有保证的，包括咱们直播间，很多老粉姐妹吃都吃了一二。	0
四号链接长今茶,我们线上线的销量爆款,我去给大家推荐它,就是用它足够厉害,足够快.四号链接长金茶更快更猛,更有针对性、更厉害的,无论说它多快多猛,不会对身体造成副作用.	2
不管咱是黄褐斑晒斑雀斑老什么斑认什,斑	2
长期的饮食不规律和过量饮酒,都会对咱们的肝脏带来一个很大的负担.	2
男性女性免免疫力差的体质弱的小脸,素颜憔悴的不太好看,你都可以把VC吃起来	2
大家呢是五十九块九一瓶啊，咱们你能抢到付款成功的咱国药企，咱国药集团啊再补贴五瓶给到大家咱拍一发六了，到手真的六大瓶正价整装的给不给力加卖，还有更给。	0
所以你看你想要回购的等活动的，咱们想要优惠的，想要有赠品的话，咱不要错过了，秒拍秒付款就对了，好不好？	0
所以咱如果不会保养的姐妹，咱照抄作业就行，这个维生素e。	0
后跟儿黄黄的指甲脆脆的,包括说洗头发也是属于那种一抓一大把的.其实这个呢都是身体在给我们发出信号啊	2
所以它可以让我们去让我们这个皮肤更加的素颜更加好看.你素颜好看,穿衣服就百搭显嫩显香斑.	2
然后我们这里是悦恩的官方直播间，官方正品假一罚十，现在在直播间，所有宝宝给大家讲哈，我们一定要点点关注，一定要记得点关注啊。	0
如果有需求的话，我们点好关注，有个八元优惠券。	0
我们去试喝喝次之之，你觉得得喝错错，再去拆正装，正装一天两次，一次一袋午饭，晚饭后半小时用二百到三百毫升，开水冲泡一冲一泡五到十三周，趁热去喝一次，喝完就行了哈。	0
但是如果你吃一段周期之后，你说这个数据值并没有想象中这么优秀的啊，我小数据我该上不少。	0
你今天直播间一号链接下一单就可以去吃，整整有到六个半月时间，是的，两百二十五。	0
你再去喝宝贝来不及没有用啊	2
腿部抽筋的,脚心抽筋的,咱们的一个肩膀胳膊,膝盖酸疼肿痛的.我不管大家就说你十几年的几十年的你甚至大半辈子的软骨干没,吃起来的.你现在立刻吃起来的话,是有事惯的,包括就是说对不对?	2
品都是有到国家食品、药品监管管理去批准的宝贝批次,大家也是能够所有都要查得到的哈	2
能够以内养外的形式有斑清扫斑霉斑预防	2
维生素c维c它针对全家老小免疫力抵抗力.我们皮肤需要维c,我们的抵抗力需要维c.那么咱们叫做天然维生素c不是合成的,不添加添加剂,防腐剂和化学物质,对身体没有负担	2
维生素e这个品能吃能外用，要两瓶搭配吃可以呀，夏天宝子直接二号就行了。	0
咱们国药的钙呢是软骨硬骨一起去补的啊，还有添加了维生素d三、维生素b一、维生素b二三种复合维生素，全面助力。	0
像我们这个丰盛，你十多年以很严重了，你十。	0
尤其你像你早上起床的时候,你会发现嘴巴没感觉,口臭有异味,很长一段时间没有说话,再说话的时候都要捂住嘴巴社交,很尴尬的.这个就是心脏不堪重负.身体在提醒你,给你发个信号.	2
三十年怎么坚持二十多年，怎么在全网活？	0
在我们家十二号链接，它比较偏贵，但是它效果是真的明白啊，如果说你就喜欢那种嚼槟榔呀，果味的呀，你就可以吃维c。	0
时间久了,在血管中还得给它清洗清洗呢对,	2
世界五百强,越早吃越好	2
姐妹们三号链接是维生素ECB的三款搭配。	0
如果家人你一周吃不了两斤的海鱼和贝类,你就要越早的吃起来深海油越好,时间久了,咱血管你还得给它清洗清洗呢对,对?	2
无论我家四号链接长,经常它多快多猛,不会对身体造成负荷上海,依赖宝贝也不会反弹的都是在,康安全的基础上给你们做,内调去提高代谢从而让大家去,到身材的管理里面只有草本植物.	2
你还要不要买咖啡了，别买了吧，好不好？	0
对的，今天已经没有了，想拍的姐妹抓紧了，我们按顺序来啊，姐姐来所有人想想想选，抓紧一点关注啊。	0
到时候再喝就没有用了	2
诱导	2
你去吃顿火锅吃顿饭，姐妹们，你多去想一下，这个其实价格是很划算的，一百多这个米都把它省下来，容把它它，而且它也是你自己吃到身体里面去，给你投入到你自己的身上的，是不是姐妹们咱们去拿到一个好的成绩去感受一下都值得。	0
它可以去清扫斑,可以去预防可,让我们脸蛋儿干干净	2
但是我跟大家说啊，我们家的产品的配料表是很干净的。	0
他汀类药物	2
以咱女性要把这些维生素输送到我们体内,来跟我们的同龄人呢拉开一个状态,拉开一个差距啊	2
我们就通过内服有斑去清扫斑没斑去预防来让脸蛋更干净.	2
我们家客户日常价格了哟。	0
根据需要去拍，能在此时拍下的。	0
帮助你们大家从根本上帮助你们大家从根源上去解决，你们的问题是不用你们自己以后再来。	0
钱浪费了，那这时候怎么办？	0
然后你们可以把VB呢换成一瓶钙片是可以的。	0
这个是我们家SGS的检测测，您都可以放心试一试。	0
维生素e哈身体的和内服保养都想要咱就拍三号选项四啊。	0
早吃早受益	2
长斑黄褐斑雀、某斑老年斑都管事儿这些,都是一个原理长的就是体,会有垃圾黑色素沉淀.	2
你自然而然皮肤是更加好的。	0
老人家三高杠杠菌	2
我给你一个这个一个它行吗？	0
天然的对身体没有负担	2
跟我们身体也没有任何负担,也不是一堆合成的成分,乱七七八糟添加剂什么都有大自然提取的.所以你可以常年吃的对身体是很好的哈	2
就通过内服来去清扫斑没斑	2
其实认准了嘛，咱们呢是smile的一个官方直播间啊，官方旗舰店不仅售前有服务，售后也是有保障的。	0
淘宝五百零七，今天您拍一带走，是满满当当六件套，非常优惠，非常划算的一个价格。	0
一号链接呢是我们家罐装罐装的话呢量会比较多一点，能喝的时间呢就会比较久一点，就会比较划算酸一点。	0
工厂直发的家人们啊，没有中间商遇到了咱们周年的一个活动活。	0
我给您加送上五条的QG血与胶原蛋白肽作为粉丝礼物。	0
家人们咱方向不对,努力白费,就像你几病之后,时间久了啊,你都知道给你的链子告高油,那咱的身体呢也是一样的,也是需要加油的.	2
三高	2
三高的	2
.像我们的黄褐斑雀斑老,斑它都是管,儿的.这些斑都是一个原理长的,就是体内会有一些垃圾,陈淀排不掉,它就会长斑.所以你要通过内服有斑清扫斑、霉斑预某方第二大成分啊,就是第二大效果就是针对纹儿的问题,我们怕老	2
伴随着一些三高高血糖的一些情况	2
黄褐斑、晒斑、老年斑、妊娠斑	2
剧痛站起来比较困难的磕到了,碰到了摔倒了,出现骨折的牙齿容易松动,头发会容易掉的,对不对?这些问题我都给你们管,好不好?果说你现在你都不去管它,你现在你都不去重视起来的话,那么你的问题会越来越多,你的问题会越来越严重,对不对?	2
头晕眼前变黑的,不管大家吃几年十几年,现在还没有吃起来,深海油不到抓紧时间,现在吃还不管方向不对,努力全白费选,对产品很重要.如果说一直不管它就会变得越来越窄,再不管它就会被堵住了,就得冲一冲它对不对?还不管它人工支架就得起来来了.	2
真的，并且今天在我直播间送了十一包，你买去我们家菌珠啊，一盒一万两千的活性生菌，并且还加我们十八大复合菌珠，像宝宝老人家可以喝啊，孕妇宝妈不给老人家个用喝。	0
嗯，哦久冉宝宝，你稍等一下，我叫我们小助理，给你上一个能量瓶，单瓶装的单瓶不划算哦。	0
培育出来的一个品质是非常不错，并且是用的人工采摘，大大降低。	0
口诀早c晚CE早上嚼服一颗VC，饭前饭后吃都行，晚上咱吞服一颗VE，再去嚼服一颗VC。	0
所以的话呢我们想要拍蛋白粉的，想要去补充一个蛋白质的啊，我们想要让免疫力更好免疫力更棒的哈，都可以试一试。	0
所以咱直播间宝贝，如果说你刚刚没有拍到没有买到的一号链接。	0
长期来吃.对咱身体来讲是有负担的	2
宝贝，让咱们早一点收到。	0
姐妹们给大家讲持证上岗,保健食品,志认证您进到我直播间减肥这,个字你可以说?肉眼可见太明显了,	0
咱们蛋白粉的话，它是动物跟植物结合在一起的，一个双蛋白粉哈，它可以补充蛋白质的，也可以做到增抢免疫力的哈。	0
咱们现在直播间你看一下都是新鲜日期发货，是不是保质期有两年的一个保质期，两年，那个质保带给大家的。	0
有些部位都会酸痛,咱们的一个脖子肩膀,膝盖特别咔嘎小,就像机器,咱们需要添加一个润滑油一样的.	2
姐妹现在两点了，两点半之前结单哈，两点半之前的订单全部安排，今天发货。	0
,你放心闭眼拍的产品没有任何副作用	2
所以说我们直播价格的话，我们相对来说呢会比一下我们的划算。	0
不是说所有的降维液都能够有这个效果.天然维生素跟维生素e不太一样的.天然维生素它是植物提取的,所以它里面有天然的生育酚,它就对我们的皮肤好,对我们的身体好,能够以内养胃的形式来去清早斑来去预防能,让我们脸蛋儿更干净.如果没有天然二字的话,说明什么人工自己造的瘟液,就是人工化学添加剂合成维液,那这种维e是没有保养效果的,也	2
,经过国家临床实验把关市场,个部门临床实验把关确实达,天然维标准内服e容清扫斑的功效了国家级市场,会把这个功效给你批在合身上.	2
早上一定要吃啊	2
免疫力	2
但凡直播间里边有个别的咱们的老年的朋友们超过六十岁以上的您这边的软骨啊，可能这边磨的已经很磨损的，很严重了。	0
所以它活性值高，它的吸收效果非常好，咱能就给咱身体补充营养的。	0
维e有斑清早斑没斑,预防让脸蛋更干净	2
你有斑去清扫斑,没有斑去预生房来,让脸蛋更干净净.家批批准功效,	2
现在吃还不晚	2
点了？	0
所以如果你想针对皮肤的话，我们二号维e维c它不仅是专门针对我们皮肤方面做好保养的，而且他。	0
所以我把这个护手霜送给你手，也是咱女人的第二张脸嘛，那订单满额了一一二十八，我再送你五条的胶华蛋白肽。	0
嗯，来听好了啊，今天咱们是新号开播，给大家准备了新人见面礼，是新人的，打个新人，我看看有多少个新人家人们啊。	0
没有斑去预防	2
我们为什么能做这么多年？	0
所以我们今天来到直播间，我们给到大家做到是什么呢？	0
黄芪阿胶当归党参熟地，还有咱这个叶酸和葡萄糖酸亚铁对的。	0
我们可能说换季容易啊,丘感冒的免疫的一个问题了.再一个咱自己素颜没有底气,素颜不自信的姐妹,你就大瓶用VC去吃天然的维生素,我们脸上可能有一些斑斑,点点皱纹的给皮肤打好底子你你	2
骑自行车时间长了,咱要给链子上上火,身体也一样,它也需要油,所以还没有吃起来软骨钙的,抓紧时间啊.	2
姐妹啊，你配坚果一起吃，可以可以以它可可以做奶奶的的。	0
他们三个就像盖楼房一样，先把d基打好了。	0
三岁妈妈哺乳期姨妈巾，包括这一个外在管理卡平台，小朋友的都是可以放心补充日常家里或者自己家这一个营养蛋白质或者膳食纤维补充不够，蔬菜水果、膳食纤维又补充比较少的话，经常喜欢吃火锅、烧烤、麻辣烫，经常来一餐这种情况。	0
运费险都是一样安排给到大家放心去拍放，去吃啊都是，以的啊。	0
都是从根源上帮你解决问题的	2
者说咱们有便秘的你	0
广澳集团世界五百强,咱是正儿八经一个样品.再一个PICC中国人保给咱做承保的大碗牌	2
小心心的包包括脚脚后跟儿黄黄的指甲脆脆的,还有包括洗头发一抓一大把的哈.其实这些都是我们的身体在给我发出信号缺点了哈,一定要要去给到一个及时补充.	2
因为咱们橘粉粉面不是一个菊菊花的粉。	0
正确基础，咱们这样给大不一次啊，欢迎我们的小新粉老粉们啊，那大家的话呢还有什么问题的话呢，都可以再来跟主播讲。	0
一百天一百天是三个皮肤周期，它不是让咱去体验的，而是帮你去解决问题的。	0
您去选择天然维生素e那天然维c我们平常可能说素颜没有底气,素颜不自信,素颜比较憔悴的姐妹免疫的一个问题的	2
四、宝宝它是两百粒VE和两百粒VC这一套量大线下四百多块钱价格，您可以完全放心。	0
广告不得含有虚假或者引人误解的内容,不得欺骗、误导消费者.	2
弱视散光近视远	2
我我家维生素e,你说你有色斑,那年你有小阴影,你有黄褐斑,老年斑晒斑色斑你皮肤,有光泽你不得着,服你有小脸儿不,看你去买天然生素,维生素呢它是能,e的把美容e黄,斑披露在产品包装上有斑清楚斑没有斑预防斑的好吗?	2
那我们就吃我们b族，经常熬夜加班作息不太规律。	0
预防	2
坚持用上咱一个月到三个月的时间,你才能看到咱的改善,才能看到咱的效果的啊	0
只有那种不天然的加了各种的添加剂的鸡什么维,素,它才会导致我,身体里面呃不好的东西产生啊等等啊我们这个里面都,天然的每一颗天然维维啊都来自五十五公e的,个大豆.	1
如果说你晚上不吃，早上中午去喝它都可以了哈，在饭后去冲泡它。	0
啥觉得三十岁开始走下坡路啊?因为三十岁那年开始,软骨钙不再自动生成了.这个时候骨头跟骨头之间随着年纪的增长,咱软骨越来越少,骨头跟骨头之间就会不断的摩擦,摩擦久了它就会咔嘎的小,再久一点,酸咔嚓的小.如果一直不管它,就跟我们啃大骨头似的,外边包的这层脆骨就没法用了.人工支架咱就得用起来.	2
是的，我们人的表皮细胞更新迭代一个周期是多久？	0
那你可以跟我互动一下，跟我去聊天没有关系，昨天也是你嗯，他开了吗？	0
如果说你已经喝过橘粉了啊，不需要试喝装，不需要杯子的，你可以直接拍三号链接。	0
维生素e针对晒斑雀斑老年斑	2
,每一盒都走PSC人,保给我们承保的	0
附近店里小区好收像这种品质的产品，起码得一百多，对不对？	0
对比啊，看看它们的价格，看看他们的。	0
拉肚子的一些问题啊,这个的话呢大家是不用去担心的喝橘粉的话呢,它是从根源上面去帮我们去解决问题.所以它没有什么依赖没有,副作用的橘粉带回家呢?老人以喝小孩孩以喝孕孕妇哺乳期例、期还一些些小糖啊都是,以放心去喝的啊.我们家里面的话呢,	2
白天有人觉得困乏乏力，对不对？	0
有很多家人问,鱼油有哪些好处?有哪些家人要立刻吃?在深海鱼油来听好了,希望大家有事没没事,抽烟喝酒的,三高的,拿手机找手机,头晕眼前,片黑的.	2
有一瓶维c维瓶维b还有瓶维e，偶尔还给你送个钙片，偶尔还给你们送我们家的一个一瓶维c加维b是这么多宝贝三号链接第六个选项，最后个选项就是这么多宝宝三号链接最后的选项，维b维c加维e两百多块钱，偶尔还给你多加三个赠品哦，偶尔还是这个这。	0
它是从根源上面去帮我们去解决问题,它没有什么依赖或者,是副作用的橘粉	2
我们产品不怕对比的，因为你要知道大有就是江中五五十五年无货郎盘，它不是白牌，不是三无成品给到您的。	0
我是艳艳主播一会儿让明明主播继续讲解啊。	0
PICC中国人保给他做承保	2
有斑清扫斑没斑预防	2
你达到内服美容祛斑	2
不会造成副作用危害,依赖在健康安全的基础上做内调提高代谢从而,大家去实现身材管理实现穿.宝贝,它不会说对自己身体不好,无论说它多快多猛,都不会对身体造成负荷伤害负荷伤害依赖,对不?	2
宝宝看这儿哈，咱那个订单满额一百二十八元，我给您加送上五条的QG鳕鱼胶原蛋白肽作为粉丝礼物，那咱的订单满额了两百二十八元，我给您加送上十条胶原蛋白肽线下呢一百七十八元一罐。	0
然后我们的小宝还有任何问题呢，也都可以给主播打在公屏上。	0
所以维生素是你必须要吃的	2
好，咱安的快递嘉宾来小哥，我这边显示有占单了是吗？	0
而且我们这个呢只这个福利只限于咱们直播间的姐妹们哈，只限于咱们直播间的姐妹们，咱们直播间就是为了让大家花小钱办大事，能买到这些物有所值的好产品哈，物有所值。	0
这时候一定要吃我们家益生菌啊	2
对你说咱人与人的信任呢，只有一次，是不是？	0
如果说啊觉得不好喝，不喜欢的，直接把这三个罐装没有拆封的给我原路退回来都是可以的啊。	0
诱导	2
让我们免疫力更好的功效.国家给你披在合身上的啊.	2
直播间下单跟我说一下，你起码得跟我讲一下，要不然我怎么给你备注呢？	0
才能看到咱的改善,才能看到咱的效果的	0
像到直播间间发两根儿哈，咱们的坚收宝贝同样样下方立减五十，没有优惠券，赶紧先领取上了领券下单一号链接券后价一三九的价格拍一到手，一共六盒，可以吃上整整两盒的用量。	0
好吸好说的能力强的好转换	2
小问题在变成大问题的路上了.我们这是我们的身体在给我们发出的一个小信号就,我们需要呢铁元素来作为补充了	0
宝宝一罐是二十八条，合下来一条七块钱了，咱们直播间直接作为粉丝礼物送给您，咱送就送点。	0
七八九这三个月是我们管理期的一个，真的是黄金时期了，因为天气比较热，三伏天嘛，对吧？	0
脸上长斑了,想清楚没斑,怕长斑,想去预防的	2
所以说它对我们身体不会有任何不好的影响	2
价格真的是非常非常划算。	0
,国家批准的功效	1
,怕长斑的黄褐斑晒斑祛斑,老年斑斑点一定,维生素皮肤素e憔悴素颜不自,免疫力低下,一定是维生,E	2
日常的话呢，我们大家去买易过敏灵，是让啊是六十九，买一罐，是发一罐的。	0
百分之八十五点七以上的粉丝成交占比啊，什么意思啊？	0
呀作息不太规律,营养不太均衡.那我们就吃维族/那我们也以搭配搭配维生素e的话话,它保养搭配维CC,让我们素颜好看.姐妹,这个v液我们人手必备一瓶的,哪怕我们就保.	2
买一罐发一罐，今天在我们家一号链接，你买两罐，我给您发三罐，一百三十八，带回家是三大罐啊，那选择一号链接，你换两罐的价格就可以带回家。	0
维持咱生命元素的嘛。	0
血管还得给它清洗清,儿八经的药企PSC中国人保敢做承保的大品牌的	2
你好,去拍咱带回去我们的益生菌,给大家啊都是从根源上面去给离到我们的口气问题的啊	2
那你如果说来到我直播间，大家走过路过，不要就错过啊。	0
不是等好的,越往后推呀,咱们花钱越多了	2
这些品是可以长期服用,对身体没有负担	2
各位家长想让孩子背得快,想让孩子记得牢,想让孩子的脑的瓜的营养元素能跟得上.咱与其听主播讲,咱不如真真实实把孩子的营养带回家.	2
一粒粒来景神三单，仅纯两单，最后的两单试吃名额给到大家八分钟时间。	0
行业在我们农产方面都是没有要求，所以是要求七十五项重金属五项，微生物六项总共累计有到五百项。	0
功效强	2
嗯，来，咱们这个七七七七小姐姐，你是新人，是不是好的啊？	0
对呀，咱们可乐妈妈，你左上角先点点关注，因点点了关注之后，我现在是有一个八元的惠券券给到你啊。	0
活动结束以后，谁再来拍都是一瓶，需要家人们赶紧捡捡漏，还有两单。	0
如果说刚刚来到直播间的小姐妹的话呢，你可以来感受一下啊，可以来感受一下我们家的这个价格好不好？	0
一定要把咱家二型胶原给我吃起来	2
吃国家批准的功效	2
每一盒我们都有双层保障给大家为咱做代言,为我们层层把关,运动员都在喝的一款益生菌.	2
便秘	2
像允许刚刚主播也给大家讲了，像允许婴幼儿去吃的益生菌只有七种，咱们家就已经占到了三种哈。	0
家人们关注给大家给主播点起来了啊，平常咱都是卖一百九十八一瓶的家人们，咱复印店里都是有卖的。	0
以维生素e宝宝是一定要去吃它	2
人保	2
我们这款蛋白粉要拍，要带的话呢，我们可以直播间下单了。	0
家人们啊，来我看了一下，咱们后台还有正在付款的家们呀，抓紧时间啊，把您的订单支付掉了，不要卡库存了啊。	0
油美粒都在百分之九十五以上，满足了大家对不保容酸，一天需需求吃了它别的油就不用再吃了。	0
您觉得不错，您自然会来回购的。	0
你可以看这个是我的顾客,他的真实反馈图,他喝了整整一个月	2
弱视散光近视远视	2
轻轻松松的米妮，我来给大家讲一下所有宝宝。	0
今天咕噜咕噜叫的天，都是给拍个益号菌的哟。	0
对的,单独买维就在我们家一号链接,主要是吃你脸上些色斑宝贝啊,雀斑晒伤斑、斑点、点的就想受巴黎脸上,色斑能够消失的一个更加干干净净的.姐妹们是推荐你们直接去首选一下我们家这款的一个天然的维e就可以了.	2
因为今天呢说实话，家人们咱们来的早，不如来的巧。	0
短时间内.	2
这个时候啊一定要把我们的二型胶原片跟我们去吃起来.	2
.所以你要靠吃有斑去,清扫斑没斑去.	2
如果是和主播一样的那如果是孕妇的话啊孕，我们特殊时间那可以，你的孕早期孕期孕晚期、以告诉、播你在哪个时期主播，么要吃？	0
我们家七天无理由运费险，我给你安排坚着给你们去讲。	0
咱们啊下方小黄车一号链接,咱还有最后的两单现货啊,咱们最后两单现货,家人啊没抢到没拍到的家人们单抓紧时间去拍,抓紧时间去抢了啊,家人们拍完这两单谁也不带有了,谁买单都是一百九十八一瓶了.大家们咱们家啊,家人们啊,咱该不该的时候呢,一定要趁早,尤其是咱们上了年纪上了岁数的五六十了,七八十了,年纪大了,缺钙呢比较严重.那么咱吸收能力呢也是越来越差了啊所以,这个时候咱不仅要选择含钙.	2
如果不满意的话，我们直接退回来都是可以的。	0
无论说是什么样的一个斑斑雀抹斑也好,晒某斑什么的.某黄某黑某斑的,某红抹点某斑的,我都是推荐大家要提前的去把那个维生素药先去吃起来	2
各位宝贝听听了了们，现在还有三分钟啊，还还七分钟钟时间咱们就要下播了。	0
临床试验	2
我帮你清除斑,没有斑,我帮你预防	2
专利	2
这些宝贝可以给我们主播点点关注哦，有任何问题的宝贝，你都可以打到公屏上播，给一一为你的哦，一号链接。	0
黄褐斑晒斑去我们班老,斑	2
把不好的杂质都给它剔除掉了，保留的都是精华，而且在提取取时候也是采用到低温密流萃取技术术，大大保留们们当中活性成分更是拥有到四项国家专利。	0
这个这个赠品的话，咱们都是库存里面有有有限量的老板们，就是它拍光就没有了。	0
针对咱内服美容，针对斑的问题效果更好，维生素e也能保护维c在我们体内不被破坏，更好的被咱身体所吸收。	0
尤其是咱们上了年纪上了岁数的五六十了,七八十了,年纪大了,缺钙呢比较严重,那么咱吸收能力量也是越来越差了啊.所以呢这个时候咱不仅要选择含钙量高的,更要选择好吸好收能力强的好转换的啊,咱吃了这款钙呢才没有白花冤枉钱的家人	2
像这些习惯都容易让我们的心脏变得怎么样他,变得跟一个烂苹果一样.很多小宝他会觉得说我还年轻,我没有出现哪里不舒服,他就去忽视我们的小肝肝.但是实际上像我们的小肝肝,他是一个哑巴同学,他很能忍让.如果说忍到他实在受不了了,他就直接开始爆雷了.但是小宝您想等到他爆雷之后,我们再去花个几百几千,你想去解决决题了,你很到时候.	2
所以像家人们浑身酸疼的、疼的、睡不好觉的晚上,睡觉磨牙的小朋友咬手指甲的,还有家人上厕所蹲不下去的蹲下去了,上楼梯上不去的,走路腿软的,风一吹,骨头缝钻心的疼,胳膊腿儿比天气预报还准的.吃了咱家一号链接这个钙,其他的钙都不用再吃了.	2
可以，那咱们后台老师给咱们玉宝宝备注好了，明天早发货，赠品，换成咱们。	0
回购的自信不是靠嘴吹的,靠数据来征服大家买别人家的油仨月俩月,你啥都感受不到.因为这个鱼油的浓度它不够.	1
其实这个呢都是身体在给我们发出信号啊	2
好吧，感谢小宝支持。	0
我们就要选深海油,选大品牌,广元强,世界百强正儿八经了解PICC中国人保敢做承堡的大品牌呢	2
对咱身体来讲,没有任何一个负担,您可以去放心哈	2
宝贝一定要拼手速来，最后的五分钟。	0
多种维生素。	0
明白跟大家说一下，因为我们家是跨境商品，跨境商品呢是需要大家填一下信息啊，朋友们跨境商品呢是需要大家填一下信息。	0
不用饭前饭后不用去固定的吃，那没有铁腥味，两盒铁锈味啊，香甜浓郁的红枣口味，还有最后的一个两单的库存来直播间的姐妹，今天给到大家的惊喜，四罐一共四罐。	0
服来去清扫斑没有斑我们	2
三高的	2
五十岁以上的家人，咱吃两粒，其余的吃一粒，一天一次早饭，饭后温水吞服好吸收。	0
,而且运动员吃的产品的要求上,母果本身比咱们普通人要高出三百倍以上.所以这个效果你是更加可以放心了.所以很多产品	2
然后大家还有什么问题呢？	0
是的，因为像主播自己之前想要喝咖啡，喜欢喝奶茶，我也是避免不了口资问题的哦。	0
诱导	2
比方说就是一个随带性的一个附加的一个功效。	0
三高的	2
瓶瓶罐罐,小白片吃得越多,吃得越久啊,咱身体的负担作用压力大.	2
血管还得给它清洗清洗对	2
像我们如果说您三餐比较照常的，您就把它放在我们晚餐后的半个小时到一个小时左右的时间，温水送服两片就ok了。	0
常年吃都没有任何影响	2
.并且今天在我直播间,所有姐姐,你们要知道我拿回去里面哈,层层筛选层层把关,而且证书都有专利啊.你们今天在我直播间间,家们,你买到这样品质,这样活动,你还担心吗?还犹豫吗?	2
酵果果更加建议大家拍一号链接选项二，一百六v一一百天量，二百六VC，它也是一百天量，因为VC一天两粒，v一一天一粒就足够了。	0
服来去清扫斑	2
这时候会随着我们年龄的增长逐渐沉积很多脏脏东西粘稠的东西.如果说您就不管它,它就会越来越窄,时间久了就会被堵住,就得冲冲冲,对不对?还不管它人工支架,价就得用起来了到时,就不是花几十块钱的事了.	2
他每天多少钱？	0
不希望家人咱把缺钙这么小的问题,硬生生的拖成大毛病的缺钙.补钙是越早补越好补,您越拖越不好补了,对吧?	2
家人们，所以咱们家养生堂天然VE啊，大品牌老品牌放心吃，放心入，放心涂就可以了。	0
很多家人担心好不好？	0
你要买两单吗？	0
不是正品的话，主播给你四倍赔付。	0
你今天来到我直播间，我们希望大家带走划算，带走便宜的同时的话呢，也能够有足够的性价比。	0
越早吃越好	2
所以说咱们日常补充橘粉，日常喝橘粉比较好的是什么呀？	0
试一下两瓶VB两瓶VC，加上两瓶的维生素b族拍一发六，这一套线下是四百多。	0
再就是你像我们脸上都会长斑吧,黄褐斑呀、雀斑老年斑它都管,儿.这些斑其实都是一个原理长的	2
没有副作用	2
宝宝哈三生宝宝，你就去三号链接血样液，那只要b组宝宝你就搭不上三号链接血氧液。	0
家人们，咱小朋友啊是一天一次，一次一粒，成年人呢一人翻倍装。	0
中科实验室自主研发五合一的一个配方	2
所以对于长期膳食纤维缺乏呀，对于长期蔬菜水果吃的比较少。	0
直接把功效打在包装上面.如果说它做不到这两个字,姐妹们它敢不敢写到上面不敢的呀,都是持证上岗的.有道保健食品标	2
那平均每罐的话呢就是三十七块啊，不那个平均每罐的话呢是四十三块六。	0
别人家氨糖的含量是五百毫克,是四百毫克,我们是新升级的氨糖,升级为一千八百毫克的氨糖给到你了.不用去拖,越拖越久越拖越拖越麻烦越拖,严重.今天在我们直播间有出现到胳膊痛的、脖子痛的肩膀,痛的膝盖、不舒服的腿,发酸的腿,发软的腿,使不上力的腿抽一抽的上楼梯,痛下楼梯.	2
宝贝啊，大家姐妹在这个时间段，大家的需求目标是比较高的，对不对？	0
来喽，我们的睡眠软糖呢，我们是吃两颗，两颗，两颗，睡前三十分钟吃两颗。	0
你前期一次性摩擦一次性磨损磨的这个骨骼嘎嘣嘎嘣响到了后期,我们把这一个软骨磨烂了,磨透了、磨穿了,不能用了,我们需要把它给换掉,那叫做关节置换术啊,我们做一次需要大几万块.	2
如果你刚开始都感受不到我产品基础功效，还就证明我功效很弱。	0
我个人推推四四长常金茶,因为它足够厉害,足够快,功效强、效率高,让大家在短时间内能够更快的去实现你的身材管理,实现创的自由.	2
你像你除了说你像我们一年到头来看，它这个价格都是一个呃不划，就是我们还能九七百九十九块钱嘛。	0
如果说您今天是对于你的大腿，还有你的腰。	0
现在啊主播，我这边只能加最后的两单了。	0
有任何问题来问主播主播给大家一对一这个讲解，包括直播间的一个姐妹，左上角都可以点开头像看一看。	0
欢迎来到直播间的小云姐，欢迎你们来一号链接的褪黑素，睡眠软糖已经给大家上好了，已经热卖了三十三单了哈，热卖三十三。	0
我们的权威专家的双重认证,让大家可以更加的心,也可以更加安心一点的.	2
所以大家的话呢想尝试想要体验的，趁着现在一号链接的话，有这个试喝装的一个机会，你去尝试一下，你去体验一下，都是没有问题。	0
但是咱们家过滤期,小朋友,你只要花四个月的时间,它就能够把你的一些问题得到一个解决,并且是连根拔起的.你没有必要拖到最后把一个小问题给他拖成大问题了.	2
这么多年能卖这么多单，对不对？	0
与他汀进行比较	2
呃，我们有很多家人们，如果来我们家直播间，觉得我们的一个呃身体的一个情况啊，身体一个情况，或者我们的身体的一个身体的一个素质，或者是身体的一些各方面的一个原因，不是特别优秀的。	0
大家记得先点一下，关注咱们那个还还在我们家直播间。	0
人保	2
月宝已经在少吃了，不吃了，但是你还是卡在那里不动的。	0
宝宝这两款吃法哈有任何问题，宝宝再来问就就可以了。	0
家人们想怎样吃，咱就怎样吃了。	0
然维生素e呢能够明确的把美容去黄褐斑批注在产品包装上有斑,我帮你清除斑,没有斑,我帮你预防斑.	2
是不是直播间是一百三十九，两百零个，也就咱能吃两百天的时间，用一百三十九乘以两百，等于几一天几毛钱？	0
腿磨牙的多梦易醒的腰酸背痛不舒服的,上楼梯也上不去,下楼梯,下不来的走路,腿没劲的啊.久坐站不起来了,就蹲起不来的,上厕所啊,蹲下起不来的,明天要下雨啊,您这儿马上就能感觉到的.所以说呢像这些家人们啊,就应该吃上咱国药的这款钙了.	2
拍六十九块九拍下给大家发十盒。	0
如果您拿回去好，感觉到大便通畅，？	0
而且我们们现在直播间的话呢，还会有额外一个赠品送给送的。	0
您能够长期来吃,对咱身体来讲没有任何负担	2
二号车的话是咱们这个瓶装款两大瓶，一共是一百二十粒儿的日常。	0
代谢，你说营养都没有了你，怎么要求孩子更好更优秀一样都流失了，你怎么让孩子了解到体美劳共同发展？	0
咱们呢拼手速拼网速去拍啊不要正单给我再上库存,两单补贴名额,谁抢到是谁的啊?	2
好吧，咱们六点四十份吧，我们直播间十分钟，整点点播单子，往往楼楼送包单子。	0
Dec和ARA汇聚起来，主要存在于咱们的大脑皮层。	0
我们那个体验装啊，真的是要去参与一下了。	0
能找到它的源头家人们啊入口的东西啊,我们是不是要相信咱们世界五百强,咱们国货品牌的天花板	1
有班吃胃去清扫斑没斑,去预防唉,让,们的状态更加的年轻态.维生素c三岁以上的孩子	2
也可以搭配搭配维生素e的话是针对斑的问题	2
他们今天你拿回家吃上两个月都是没有问题的，单到只要二十三块钱，那直播间的姐妹还没有去拍的，赶紧抓紧手速，抓紧网速啦。	0
谁抢到就是谁的.	2
吃维e有斑清扫斑没斑预防	2
版本的益生菌，所以你们不要纠结，我带回去，不是市面上四千亿，八千亿的菌株，数量少，比我家数量多，也有一万亿两万亿。	0
感冒体质弱q你就吃维	2
针对还想在短时间内达到身材管理指标	0
主播可以进行一对一讲解比较了。	0
大家买别人的油仨月俩月啥都感受不到,因为鱼油浓度不够,咱家鱼油每粒都在百分之九十五以上,满足了大家对不饱和脂肪酸一天的需求,吃了它别的鱼就就不用再吃了.	1
尤其是已经开始长斑的姐妹哈,一定要去吃的	2
而且二十五岁以上，你的皮肤已经在开始慢慢再走下坡路的，对不对？	0
帮你去d收它里面还有到我们家K级型的专MK生素啊吃进去是能k去,钙来更好的附着在我们的乳头上面的.是的,做到自己是吃钙补钙,帮助到各位香脑,粉丝能够去抓钙住补钙,减少们的流活收,享受到腹钙入骨,补钙入补,把钙能够覆盖到骨头里面去,帮你们做到锁钙啊肥.	2
平常你换季容易感冒换季容易正活的那您的还加我们这些菌珠能够,我们家宝宝咱么在对不对,	2
咱们都可以看看一号链接的一个褪黑素，睡眠散软糖。	0
没有人会觉得我的身体不值得一百块.没有人会觉得我的身体不值得两百块的,你自己不去管它,你自己不去重视起来的话,你的问题会越来越多,你的问题会越来越严重.那么到时候你连路都走不了了,你连生活起居都成么困难了,你怎么办?	2
那产品咱们申请到都咱们专场作为价格加盟。	0
咱们会长斑的呀,黄褐斑、雀斑老年斑它都是,事儿的.这些斑我们现在长你不干不干预它,不管它以后还长两个订单都下分开下的,可以也可以一起发货.	2
七天无理由运费费险都给你买买了了，今天无理由放放心吃起来。	0
黄褐斑老年斑晒斑色斑皮肤没有光,感去买天然,生素了.有维生素e呢,它是能够明确的把美容去黄育斑批注在产品包装上有斑清除斑,没有斑预防斑的而,添然.维	2
今天咱们是十九块九共一百二十包，给到大家三十包给你们去试喝啊。	0
一定要去喝益生菌给我喝起来了	2
皮肤推荐怎们要去选那个把维生素b族嗯要先去吃起来,要先去买起来了.	2
咱们的话呢都是现货，现发日期都是给大家新鲜日期啊，保质期都是两年时间的，放心拍放心带都是没有问题。	0
拥有一个好的身体,真的比什么都重要.更何况你的关节,你这一辈子,你只有这一副关节,没有人会说我到老了之后,我的关节.	2
世界五百强	2
它的话呢姐妹们啊它的话呢宝宝们给你们来介绍一下，就是我们家这款维e的话呢是推荐大家，你们吃完之后，晚上睡觉之前，你需需护肤肤的，你可以以加加我们一个面霜呀，乳乳霜面面霜里面都可以，然后直接在涂抹到那个脸上就可以了。	0
过内服有斑,清扫霉斑预防嘛对	2
姐们，咱老粉啊，都是三单五单的，拍送亲戚送朋友，自己吃的都是非常划算的新粉啊。	0
拉的比较费劲的啊，还有蜡屎蛋的有没，这些情况或者是，稍微吃的不注意一点啊就开始拉，水呀啊拉稀稀呀或者是说便，不成形啊。	0
那我们吃益生菌就可以补充我们的肠道的菌群。	0
所以我们今天来到直播间的所有小姐妹的话呢，大家都可以去感受一下雨衣橄榄加上益生菌，六十九块九，给到大家带走。	0
实付金额买了两千一百九十九，安排到华为智能手表，个不分机型也不分男，它功能比较齐全。	0
黄褐斑老年斑晒斑妊娠斑雀斑想要清	2
朋友们现在看多少钱？	0
它可以减少啊,咱吃的那些瓶瓶罐罐小白片,对咱身体带来的损伤	2
天花板	1
直接帮你提升到你的抵抗力及免疫力.所以你要是能买能入门及免去弱,你要能点关注们点点关注你纠结.	1
二号链接EC搭配经典套餐上链接好的。	0
如果说啊东西不好，咱们是不是也不会再去买？	0
我们家产品呢是中草植物精华配方的产品，它是不能够空腹使用的，也不能够喝隔夜茶，更不能喝凉茶，也不能反复冲泡，大家可以截图啊，三二一截图啊，拿回家按照严格标准使用，不要反复冲泡啊，您就是给大家开水，泡完之后喝完直接给它丢了就行啊，不要来回泡，反复泡来回泡，反复泡必然是没有什么效果啊。	0
一号链接,现在去拍,就在去抢了.	2
缺乏的时候,它就说有的一些信号;管身体	2
女生必备	2
早喝早享受早喝早受益	2
我不是说我们家产品就是呃非常非常好姐姐，但是你可以去对比一下别人家，你就知道货比三家，你才知道谁家好货比三家。	0
b组就是管身体的	2
肤色比较暗沉,蜡黄的小脸儿不够改净的黄褐斑.老年斑是晒斑色斑皮肤没有,泽的去买天然维生素添维生e呢它能够e确,把美容去黄褐斑批注在产品包装上有斑我帮你清除斑,	2
如如果你不懂，可以打个公屏上，对，恭喜咱们宝宝抢我们家福利利额了，我家家活动有力度，不然主播不会给你推荐，对不对？	0
如果大家有任何不明白的或者不了解的，都可以继续的打在公屏上，现去给大家做一个统一的讲解了。	0
我六幺八说实话就是这个价格。	0
一要买那个维生素b就要买到一个国货大品牌品质保证很多人吃过，并且拿到结果的给大家看一下。	0
营养不太均衡,我们的身体会很智慧啊,身体会由于缺乏这个维生素,b族营养呢来引发出信号来提醒我们,该把营养补充到位了,咱补充到位,咱身体咱不缺了,咱营养咱跟	2
你选择一号链接天然的维生素e，孕期、哺乳期，你放心去吃。	0
对不对？	0
犹豫,很难买得到这样的一个礼赠.暗沉蜡黄的小鸟,不够白净的生褐斑.老年斑晒斑色斑皮肤没有,泽的皮脚不够好看的去买天然维生素,天然e,素能够明确e把美容去黄斑斑有斑斑产品包装上有斑我帮你清除,没有斑我帮你,防斑.	2
经常吃外卖,晚上熬夜经常久坐不运动的.这时候会随着我们年龄的增长逐渐沉积很多脏的东西,粘稠的东西.如果说你一直不管它,它就会越来越窄,时间久了就会被堵住,就得冲冲它,对不对?还不管它,人工支架得用起来.	2
没有副作用	2
就是我跟你讲啊，山就是香草，是我们大众都很好接受的一个味道，可可你不能吃，对吧？	0
的黄褐斑雀斑晒斑?老年斑都管事儿这些,都一个原理长的就是人,体内会有一些垃圾会有一些,色素会有一些沉淀.但是我们到年龄了,人体的各项机能,它	2
这些呢我是比较推荐的，像漱口水的话，它只是。	0
下播结单之后的话。	0
你一直不管它,它就会越来越窄,你再不管它,它就被堵住了,就得冲一块,对不对?还不管它,人工支架就得用钱了.家人们到时候咱可不是花几十块钱的事了,一次就得十几万块.	2
另外呢咱还添加了维生素b一和b二，也就是说看了咱们家这钙的啊，你们维生素呢是不需要单独出去买的。	0
所以咱们姐妹们啊换一个主播给大家继续讲啊。	0
其实这样子对我们心脏负担都是比较大的.因为你像呀心脏,它从十一点到一点是属于他该休息的一个时间段.而这个时间段我们没有休息,你在熬夜,你在工作或者在加班的对心脏负担都是比较大的.那么像心脏他,是负责我们人体运转非常重的.	2
对身体没有任何的负担	2
鱼啊堵啊晒的问题没有三五年起码都有一两年,大家一定要正确的来对待,因为一旦堵了,它不会自己好,而且还会给咱带来很多的麻烦.该.	2
放心的，原价三百七十五块，今天要不到，只要到两百二十五，给你们另省一百多，我们给你再去加小瓶装拍，一发四倒计时两分钟来，五百们四点四十几袋放心拍啊，现在拍给到你们，你两百二十五吃的不是一天两天，不是的，给你们一次性带走三瓶正包装，再加小瓶的一个小样包装二十八个，你半个月的量给你们每让你们今天两百二十五带回家，可以吃够六块钱，时间均拍拍箱，一天一块一毛钱都不到不到一个包子的价格，让你每一天能够去享受到六百块钱。	0
如果有的话呢，直接去买一号链接的褪黑素会。	0
不管咱是黄褐斑、晒斑雀,老年斑妊娠斑呢	2
你身体如果缺乏了b族,你身体会向你发出一些信号跟提醒.所以这种情况下,必要求补一补了.	2
那如果说和主播一样不爱吃猪肝的，不爱吃白血的，因择一个好的铁元素来补充，真的蛮重要的啊。	0
过国家审批临床把关	1
要以内养外,想要内肤美容的选VE	2
这是我们直播间有在正价售卖的，而且卖的都是比较好的一些东西。	0
无论说它多快多猛,不会对身体造成副作用危.	2
一定去吃好的,对身体没有负担的	2
这样的话，总共咱还有七单的现货，说能拍能带咱刷新一号链接，秒拍秒付吧。	0
今天我们热卖应该是到五十单，应该热卖到五十单，热卖到五十单，我们就要结单了啊，就要结单了啊。	0
天然是可以长期去吃的哈.吃的时间越久,我们皮肤状态好	2
三十、四十我们只需要我们一个两位数的价格，就能够去把我们家的产品去收到了。	0
你忽视了咱们的一个软骨钙,时间一长就会发现了钙,你是一直在吃的,但是咱们身上呢你还是有一些部位都会酸痛.咱们的一个脖子肩膀,膝盖特别咔嘎响,就像机器,咱们需要添加一个润滑油一样的.所以说家人们咱们不只是要去吃一个硬骨钙的啊,软骨钙也是要去吃到双管齐下.	2
夏天你赶不上十一小长假，你总得赶一赶呀，对不对？	0
所以的话呢我们有新进的宝宝，想要拍蛋白粉的，想要补充我们一个蛋白质的哈。	0
重点来了，仔细听买过之后如何吃吃多少，五十岁以上的吃两粒，其余的咱们就吃一粒，一天一次早饭，饭后温水都不好吸收，咱家都是回头客，认真体验，感受过的家人都拿到了。	0
今天在我家直播间，所有哥们要挣你买是江中啊五十五秒补货，老板百条小，我们手速太快了，六号链接接又抢完了，我们家一号链接活动又没有了，对不对？	0
因为氨糖的话,它就是能够帮助大家把你们关节当中所发生的一些酸软胀麻这些问题给到大家,得到一个解决一个改善.	2
没错，搭配比单吃更好。	0
这个钱花了，咱怎么就发挥让它发挥它的一个更大的一个效果啊。	0
然后这是咱们家的这个二呃，一号链接只有一一百三十九，两百零一加五加五条，聚原麦肽加一支护护霜。	0
只是说我们的严重与否啊,在我们轻微的时候,你没有去注重它,等到后面越来越严重,引发到我们的口腔像炎口、水中什么盐.	2
发的返场，我跟大家说了六幺八的返场，还有最后的一个小时就结束了，结束了以后就没了，结束了以后就没有了，明天给到大家就是一百多块钱价格三盒啊，我们多块钱三盒，没有任何的赠品。	0
如果你一周吃不了两斤的海鱼和贝类就要越早吃起来,深海鱼越好,时间久了,水龙拖完就给它清洗就行,对不对?家人们活动结束之后,谁拍都是一瓶,咱是不加单不返场的最后一波了,有需要的家人赶紧捡捡漏,还有最后一单谁抢到就是谁的.	2
去吃到的好吧，然后但是四号五号链接，我真的今天都不太方便。	0
宝宝的成长只有一次,可没有重来的机会.你能说今天孩子背不会了学不会了啊,我不管孩子了,任由他发展吗?	2
有哪些家人要立刻提起来深海鱼油来听好了,像大家有事儿没事来给你喝一杯的,三高的,拿手机找手机头晕,眼前一片黑的,还管它是几年十几年,现在还没有吃起来深海油的抓紧时间,现在吃还不晚,方向不对,努力全白费选对产品很重要.这个时候会宝我们年龄增长逐渐沉积很多脏的东西粘这东东如果你一一直不管它就就越越越越窄,再不管它被堵住了就得冲一冲,对不对?还不管它,人工支架就得用起来了.家人们到时候可不是花几十块事儿了,一次就得.	2
管皮肤的斑斑点点、完全不用担心	2
你再不拍再不买,咱真的没有了	2
好的，这一款它是我们的一个双钙，原钙钙给四岁以上的人都能够去吃，做到双钙原碳酸钙柠檬酸钙维第三，帮助去促进二重钙吸收。	0
重点来了，仔细听咱们买过之后如何吃吃多少来听好了，五十岁以上的家人吃两粒，其余吃一粒，一天一次早饭，饭后温水吞腹好吸收。	0
我们就去清扫斑,没有斑,我们就去预防呀避,我们再长一些新的色斑.	2
还有哪些是新人的哥哥姐们啊，我让这个强哥哥，对吧？	0
有哪些家们要立刻吃下我们深海油的,你听好了,像大家有事没事,来,一根喝一杯的,三高的,拿手机找手机头晕眼前,黑的.不管大家你是几年十几年,现在还没有出现深海油的,抓紧时间吃啥,现在吃还不晚,听我说了方向不对,努力全白费,选对产品很重要.	2
世界五百强	2
世界五百强	2
我们的我们的孕妇呀像，们的婴幼儿呀包括，们的老年人它都是，以吃的哈我们不挑群，且像这小小的，一袋儿它是很方便携带的。	0
不仅能清除我们脸上已经长哪些斑斑点点,它能预防我,去能促进新的斑斑点点的哈	2
各位说来，小玉这位姐妹，当然有有伙伴的宝宝们，我们小玉这位姐妹，很多人在我直播间，姐妹有游泳圈，有将军肚，咱们朝九晚六上班族都有这个情况。	0
你光从详情页里面去看这两款产品的配方，你也是可以直接就能看看到肠经茶的配方，比仙烟茶更整密更细节，且额外给大家多了三位肠本植物精华的结合。	0
西果果说你是不管它的话,它就会越来越窄,再不管它就要被堵住了,你就要给它冲冲了,还不管它人工支架你就要起来了吧.	2
还没有带到，还没有买到，没有关系，把你的年龄把你的皮肤问题呢给主播说一声，主播呢会根据你的年龄，根据你的皮肤问题呢精准给你们做回复。	0
我们适度以下温水去吃，没有任何问题的。	0
那这种情况下蹲下去又站起来。	0
它里面是有到这个东西.我们MK机型的专利维生素k二就是能够让我们的老人吃进去以后吃上钙,更好附着在骨头上.	2
姐妹们，因为我唯一是需要进行一个避光的，它是需要避。	0
一天去两次,你的话呢需要三五天、五六天,甚至更久的时间才能去一次啊,有像这种情况,橘粉也都是可以直接去喝起来.还有就是呢像我们大家有没有经常的话呢?是久皱摆动的啊,脸的话呢是老黄老黄的,家里面是有老公有男朋友经常吃饱饭,这种沙发上面一盘小肚肚比较大一圈圈的那有像这种情况,橘粉咱们也都是可以直接去喝.	2
对身体没有任何的负担	2
就今天在我们直播间，我们的榴莲姐姐可以看官了。	0
买油，我们就选是海油，认准大碗盘，广药集团世界五百强，咱是正儿八经一个药企。	0
再一个PICC中国人保给咱承保的大品牌的	2
这时候一定要吃我们家益生菌啊	2
或者是我脸脸上斑了,我想要去清扫,那没有斑,我怕长斑.我想去预防的咱	2
回购的自信呢不是靠嘴吹的，靠咱们数据来征服大家买别人的油。	0
更猛更有针对性的四四号链接长金茶，它仙鲜茶的一升升级加强款给大家去说，如果说你的目标喝仙金茶需要一个半月到两个月的情况下那，去选择常今茶一个月就够了哈这就，它俩的区别。	0
大家早上好，欢迎大家来到我们鱼油工厂的直播间。	0
是我们家粉丝呢一号链接额外加赠三袋袋装生菌的一小袋，里面有三粒哦，到手六十九粒生菌，再给大家去赠送一个宠粉福利哦，性价比呢是非常高的，库存呢也只有一袋漏，拍完不加单不返差。	0
就要排到明天后天发，但是在三点半之前的订单全部按照今天给你发走，钱都花了，买都买了，咱干嘛不早吃，早点在脸上看看效果呀，对不对？	0
如果说您经常是便秘，便秘不顺畅的，而且经常久坐不动的工作党学生党一坐整天一坐，大半天坐下来，肠道运转比较慢的，而且经常的话饮食比较混乱，火锅烧烤奶茶比较多的，膳食纤维的话也是比较缺乏的。	0
你日常所能够需要到的b一、b二、b六、b十二、盐酸叶酸、泛酸、生物素额外再去给你添加了一份牛磺酸，相当于咱们今天花一样的钱。	0
博士健康锅是电子的，家人们，咱们不是杂牌子，不是三无产品啊，所以说家人们放心来拍，放心来用就对了。	0
这个时候,随着我们年龄的增逐逐渐积积很脏脏东西西粘手东如,如果你一直不管它,它就会越来越的,再不管它就要被堵住了,咱就给它冲一冲了,还不管它人工支架就得用起来了.当然时说家人们不花几十块钱的事儿,一次就得十几万块.	2
欢迎咱们SLEE疲劳直播间，欢迎哈咱们有新进直播间家人朋友的话呢。	0
姐妹一顿火锅钱，我们不是一顿火锅能够吃没的，我们可以连续的滋养我们一百天的一个时间以内去养外来，让我们状态更好，也是国家批准的功效。	0
所以这款维c的话,三岁以上的孩子,老人、小孩儿男性、女性你都能吃,难道只有小孩他搞免疫力吗?大人没有免疫也完了呀.你人一旦没有免疫,就会这儿不太好,那不太好,就出各种问题的,明白吧.所以不仅孩子需要咱大大人,需要咱大大人是人人明,对吧?	2
我们家这款是零糖，零脂，零添加三周岁以上儿童老人孕妇控糖是都能带。	0
朋友们,它是维持我们身体一个必要的元素,身体一旦缺乏掉,匮乏掉了维生素b那身体大大小小的问题呀就出现了.	2
很活，第一个就是咱们家这个油含量高的才能放。	0
也可以更好去帮助大家，我们带回家坚持使用看看，用完差不多自己可以感受到，对不对？	0
预防保养	2
是的，宝宝们咱们有什么问题都可以打公屏上的。	0
三十多年，这个一盒c火了，二十多年就是万期，你们在脸上看到效果了，才会花这份钱去买它，去回购它，你都看不到效果。	0
所以说对于它这个品质大，更应该放心了。	0
好的，备备注，快马加宾，感谢家人的支持和信任。	0
短时间内达到身材管理指标	2
个钙早吃啊,比晚吃强,晚吃比不吃强	2
所以今天家人们可以放放心心，并且姐姐们要知道现在拿回去孕妇宝妈哺乳期，老人家三无高菌都能喝的一款产品啊，不喝钱啊，怎么去拍的？	0
相当于普通鱼油六六.对,买鱼油,家人们们就选深海鱼油,认准咱咱大品牌,广药集团世界五百强正儿八经的药企,在一个PICC中国人保给咱承保的大品牌,你买的安心一吃的对不对?家品们	2
老人、男性、女性都需要这个药人,一旦没有免疫粒,就完了	2
入口的东西啊,我们是不是要相信咱们国货品牌的天花板啦	1
我跟大家讲什么样的人适合尝经茶，我只讲一遍行吗？	0
那要是有一些老粉了啊，你已经感受过，我们地球乐园是人魅力的，咱家里面人就比较多，是不是又不想来回跑的，都可以瞄准我们的三号跟我们的一个七号，还我们的八号链接去拍三号、七号、八号链接给大家都是我们的一个囤某链装啊，拍的越多越划算。	0
里面的成分材质让大家清楚明白，看得到摸得着，不是那种药丸胶囊都是这种独立包装小茶包。	0
打某膜胀火气	2
是的，我们家有很多老粉，在线下买了很多年，花了不少钱，对吧？	0
对身体没有任何的一个负担,放心吃就可以了.	2
你像咱二号第三个，我们是两百粒的维c加一百粒的维生素e这个套餐，它能让咱等量保养上一百天，吃三个多月，一百七十九吃三个多月的时间，呃，性价比的话是比较好的，一天一天要吃三个维生素才，一共才需要一块钱钱。	0
宝已经拍的话，今天上午就给你安排加急发走了哈。	0
一定要喝	2
功效快	2
因为我们给到大家做到是什么呢？	0
咱们家都有七天无理由运费险给到大家的一系列的一个售后服务，都是非常完善的。	0
昨天一号链接，今天活动多多优惠的，抓紧时间秒秒付付。	0
不会对身体造成副作用危害依赖的	2
咱们有些宝宝肚肚积屎呀啊打嗝,肚子一拍砰,响胀什么,的呀啊甚	2
里面冒小星星的特别这个脚后跟儿黄黄的指甲呢也是脆脆的洗头发,一抓一大把的时候,就是咱们的身体在给我们发出信号了,缺铁了,一定要去给到一个及时补充.如果说你不去在一起来,咱们的小问题呢也会变成大问题哈,	2
三高	2
免疫力下降	0
拿到手以后呢，可以先去尝试，先去体验，喜欢满意合适了咱们就留，不喜欢不满意不合适，或者说你有任何其他的问题，联系客服，一个字退就可以。	0
那么咱家的二型胶原蛋白为什么可以管软骨呢吗？	0
坚持用上咱一个月到三个月的时间,你才能看到咱的改善啊,才能看到咱的效果的家人们	2
添维生素e管你脸上斑斑点点,管你脸上小阴影,有斑青除斑,没有斑,预防斑.	2
甚至我今天有适盒装，而且有运费有七天，物理由给给大家，你们可以就是拿回家感受哭一下啊。	0
但是养生维CC是巴西真樱桃水果提取。	0
白紫黑字公章盖上去的做不了价以,我们这款益生菌呢?还是咱家发明的研研究,十年年申请到专	0
咱们拍有去老人、小孩孕妇福、妈妈糖尿，患者糖尿病患者来，养生都可以去喝的一个膳食。	0
没关系哈。	0
管皮肤的斑斑点点的,、不用担心效果	2
所以你去看一下，露露，你也可以告诉我，你是想解决你的什么问题，我来给建议你应该吃啥。	0
,那个叫SGS专利技术山.你之前有吃过我们一个东西叫荷尔蒙优加.是的,我记得你很清楚,你说你的上面小房这个问题,你吃它对不对?那个里面就有一个专利技术叫SGS这个成分,它就是来帮我们预防一些大问题的.是的,所以山如果你吃三号里面带有这个s既然是专利技术的,其实对你来说会更加好	2
第一个，这个大家都懂吧，一批在百分之八十以上，上一期是百分之十以上，还给你添加了鱼油的好搭档，大家豆软磷脂双冠齐下，能够让您的感受会更好。	0
包括工作强度,一个增大,这个的软骨越磨越窄,越磨越瘦,甚至磨磨没了.这个时候大骨碰大骨,大骨磨大骨,您说一说是不是影响你的生活那个滋味.我相信如果说呃有直播间的朋友们可能都会了解的.所以说啊我们建议过了三十岁之后啊,各位中老年朋友们一定抓紧时间把咱们家的二型把咱们这个二型这个骨胶啊	2
无论论咱黄褐斑斑某某斑雀斑班老师们认识么么的的宝妹,有色斑姐妹选择养上天天维维素素,从从源源上助助们解决问题	2
担心宝宝不爱吃，不喜欢的给大家多送十粒试吃。	0
是的，你如果今天来到我直播间，我也是希望大家带走划算，带走便宜。	0
从根源上给您做到一个分解	2
一披萨八十五以上，d一c在十以上含给您添加于好的的大豆轮治双管齐下，让你感受会更好。	0
还有五位朋友拍了以后没有付款啊，这五位朋友我再等你一分钟，好吧，来，全都是官旗店给你发货啊，官方正品保证假一罚四的。	0
算,价格也给力纠结,犹于我们是没有这个理性的暗沉,蜡黄的小脸,不够白净的黄褐斑,老年斑、晒斑、斑色斑皮肤没,光泽的小脸不够好看的去买天然维生素偏.维生素e呢它	2
左上角先点了，关注有个八块钱优惠券，点点关注，咱们家人们就有八块钱优惠券，我们全场链接都能用的。	0
然后宝贝，我一盒里我给你添加了多少个活菌啊？	0
第三个选项宝贝是有的，两百粒的库存是有哈嗯线下大部分都是卖的这种一百三十粒的。	0
如果你直不管它,它就会越来越窄,再不管就被堵住了,就会冲出来,对不对?还不管它人跟我支架就得用起来了.家人们到时候可不是花几十块钱的事了,一次就得十几万块.	2
只要是想养护皮肤VE是必选	2
你好,家人们还有都两单库存了,谁抢的就是谁的,没有拍的,没有抢到的家人们到时候你再来找咱主播,我也只能给你说声抱歉了.们深海油的听好了,像大家有事没事,来,一根喝一杯的,三高的拿手机找,机站天转地眼前偏黑的,不管大家你是几年十几年,现在还没有吃起来,深海油的抓紧时间吃起来.	2
你睡着的话,还经常容易做梦的宝贝,是不是经常容易做梦的那就是说明你是身体有缺少到这个维生素的一个b族的.所以说是推荐大家要提前的去把咱们这个维生素b族呢要提前的先去买下,嗯,要提前的先去吃起来.宝贝们是这样的,而且如果说你是容易掉头发的姐妹,是不是咱们尤其是女生这个长头发,经常容易就是一定要一大把.	2
随便打开一包，你去喝看，唉，好喝的，喜欢的跟咱们主播说的一样的，你就留下来体验不一样的，没关系啊，拆破喝过，咱们都能给你退啊。	0
黄褐斑老年斑晒斑色斑皮肤没,光泽呀小卵不够,看呀去买天然维,素啊天然维生素e它,确的把美容e,黄褐斑批添然产品包装上有斑我帮你清除吧.没有斑,我帮你预防斑而,天然维生素人家e有大量的生育分生育酚生育酚,帮你保,好的生育系统.	2
所以这一块咱很专业，万千姐们都吃的十多年，二十多年的口碑好货，咱不会保养的，咱照抄作业就行啊。	0
药片	2
你可以看咱们线下，别说这个价格了，试盒装都没有，让你拎个买的姊妹。	0
再就是我们脸上长斑,黄褐斑、血某斑晒斑?老年斑?你们现在长斑不干预以后还长,因为我们体内会堆积一些垃圾沉淀.	2
六点半钟之前拍下订单，等一下，我们六点半之后，全部都给大家发货，发走。	0
如果说咱们的东西不好,质量不过关人保它也不给咱们做承保的,因为他们也是做担责的,而且都是有双冠军为咱们做代言,有冠军给咱们成程把关.	2
哪里有问题的话呢，我们可以扣问题，有需求我们可以扣需求的哈。	0
为什么圈套嘛？	0
长期去吃家人们对我们的身体来讲没有其他的负担.	2
那么我们是官方旗舰店，正品保障假一赔十，明白了哈，所以买正品一定去官方渠道，我们是保健食品认证，官旗店正，保障假一赔。	0
丹参三七甘草玫瑰绿茶。	0
哪里有问题的话呢我们可以问一问，欢迎咱们新进的宝宝哈，欢迎我们越来越好。	0
那么咱们家天然维c能够去管免毛粒的啊,管咱们的免毛粒对我们的身体好,还可以去管皮肤状态,	2
家人们三四十岁、五六十岁、七八十岁的,一定要去吃软骨钙,尤其是咱平时各种的脖子、肩膀、胳膊、手脖疼的手肘头酸的膝盖,走路咔嘎响的膝腿抽筋,脚心抽筋,脚趾头还抽筋的各种蹲下去起不来起来,蹲不下去,上楼梯都上不去,走路腿脚发软的,浑身酸疼,睡不好觉的.	2
对咱内服美容,针对斑的问题效果更好	2
维c素颜憔悴,素颜不太好看,免免疫力差,体质弱,我们就吃维c然后长斑了.然后长纹的就我们想改变一下.	2
蛋白质的都可以试一说我们双蛋白粉哈。	0
问号今天来到盖尔奇官方直播间，所有人想要你你去选择到一款盖粉，抓紧去给到我们家一家老小吃，并且享受到高的感含量的一号链接，一链链接天天吃。	0
有我说实话缺钙补钙哈,就是越早补越好,补的越拖就越不好补了.尤其咱们的叔叔阿姨们啊,辛辛苦苦干了大半辈的活了,该享福的时候哈,必须有个享福的好身体.家人们好的身体哈是靠咱们养出来的,不是靠咱们一而再再而三给拖出来等出来的,你说对不对啊,多多爱护自己的身体.	2
着咱们年纪的增长,三十岁以后我们自身的这个软骨钙呢不再自动生成了.软骨呢也就是润滑剂,它越来越少,剩下两个大骨头之间就会不断的摩擦.摩擦久了,嘎吱嘎吱响,时间久了,酸疼肿胀,时间再久点啊,半月板的你就要用起来了当那个时候就不是五十久走了算了,所年换一次一次上万块,花钱还遭罪.	2
所以的话呢我们有新进的宝宝，哪里有问题的话呢，我们可以直播间主的的哈。	0
然后维生素e的外壳，它不是普通的一些胶哈，它是来自于法国的牛骨胶提取的也是个营养。	0
最后的我们加我们家两单库存全部给宝宝踢出来。	0
它是能够明确的把美容去黄褐斑批注在产品包装上有斑,我帮你清除斑,没有斑,我帮你预防斑的	2
宝宝们，你真的自己去看一下啊，到手六十四袋儿，到手六十四袋儿啊。	0
那咱维生素e不是吃也能抹完，是不是吃一粒加抹一粒的话，那内外兼修它二百粒的维生素也是足够大家量的。	0
还有就是呢像大家有没有在那个。	0
二号链接，你想拍，你想要赠品，我也送不了了，对吧？	0
但是今天我们家是源头工厂做活动嘛，才给到你这么大的福利额，直接给到你六十九点九元到手十盒，咱们可能是一百五十包的，不管咱们是三岁上的孩子，百岁下老人宝妈孕妈不是妈妈都能喝起来。	0
腿被堵住了就冲一圈,对不对?还不管他人工支架,支架就得用钱了.所以家人们现在还没有吃起来,鱼油的咱吃起来,现在有活动给鸡准备上抓紧时间吃起来.	2
,你吃了它对身体也没有什么不好的影响哈.	2
它对我们的身体是没有任何不好的影响的.	2
家人们这个大家理解了吧？	0
有到我们家MK进行的专利,维生素k二吃进去以后,能够够去钙钙,更好的附着在我们的骨头上面的.	2
你接下来你就开始要支架了,搭桥了,对不对?你那个汀类药物你开始吃了没有?是不是这种人群你不慌吗?你这种人群,你下一步就是搭桥支架了,你不要以为搭桥支架是件好事了,你有的人很运气很好,在没有发生大问题之前,他搭搭桥支架了,但你的医生有没有跟你说你,个支架能维持多久?你不要觉得他在跟你开玩笑,他是真的进口的.	2
但是姐姐我要告诉你的，是你要先去了解啊一款好的益生菌啊，是什么样的？	0
你不保养就样子老,你就老的就比别人快	2
是的，去吃普通钙片，做不到这样的一个效果。	0
我皮肤还想保养我皮肤有黄褐斑、晒斑雀斑.老年斑,我皮肤呢走下坡路,但是我又很爱美,不用去纠结,直接搭配上我们家经典的维生素e跟CE和c针对皮肤的保养	2
把b族放在早上吃的话，它也是让我们的白就是白天元气更加饱满嘛，对不对？	0
一定要吃	2
还有这个东西啊，我们的MK进型的专利，维生素k二，有的就是可以让你们吃进去以后去让钙更好附着在骨骼上面。	0
我下播单独给你加送个摇杯，这个杯子其他链接不送啊，只有现在买下二号链接，我下播亲自给你单独备注，加送上。	0
才也可以帮我们去清扫脸上的色斑问题.	2
一定要喝	2
这些数据打在公屏上来，让我一对一的精准定位到每一位姐妹去做推荐。	0
它呢也是可以由内而外给咱身体找到一个改善的,对不对?	2
今天我们给大家带来咱们家这款身体版新人们，咱们这一盒出厂两万一告回。	0
同样的，五瓶重装，正品到手足足六大瓶，家人们到手六瓶。	0
但是有挑那个年龄龄姐姐妹们对的，它是适适合到什么十七周岁以上的一些所有的一些宝宝们都能够去吃，就是已经可能快成年了。	0
常久坐运动的这个时候,会随着我们年龄的增长逐渐沉积很多脏的东西,粘稠的东西.如果说一直不管它就会越来越窄,时间久了就会堵住了,就得冲一冲它,对不对?还不管它,人工工智识成分得用起起来了.	2
然后咱们家的这个维生素有斑的姐妹去清扫,没斑去预防不,	2
二号链接，最后一个免费试吃，孕期哺乳期的妈妈直接去买二号链接，一个人吃，两个人补。	0
有问题疑问，找主播新粉宝贝更加推荐一号链接，还剩最后一单库存，平时感觉口干口苦，口腔发涩的嘴巴，讲滑一股酒味道的凡凡想说口，感口香原宝你都，以带它宝贝一号链接你们日，去买一桶正装宝贝两百七十多两桶加起来五，五十五价格不打折不折扣而且，福利的，哪怕去天猫淘宝淘，去逛一逛看一看它一桶正，都是得要你两百出头的一个价格格。	0
斑点里面它比，他的斑点都难难去淡的难去去的。	0
跟咱们主播说的一样的，听好了啊，直接留下来体验不好喝的。	0
而且都是有双冠军,为咱们做代言,有冠军给咱们诚职把关,咱们吃的安心,吃的放心.	2
你是不是可以说什么呢？	0
包装上有斑,我帮你清除斑,没有斑,我帮你预防斑	2
今现在我直播间买个三盒，三百多不要了，只要两百六十八，我给你安排包两百六十八三盒，同时额外给个多次发两盒，只要我们多少钱？	0
链接里面有四个一箱，其中第三个一项一百七十九元到手的是一百粒的天VE和两百粒的天VC这几项是可以到我们VEVC连续棒一百天的直接。	0
对我们身体没有任何不好的影响	2
有像这些情况啊，橘粉你都是可以直接来去做一个搭配。	0
你们去看一下大多数企业只能做到三千四千作为一个基础养护，但我们是能够针对性问题的。	0
那今天给大家带回去，我们生菌哦，在里面还有添加到我们法国进口的红糖、浓缩粉、绿茶粉以及天然维c一等降火问题的，在今天熬夜效回，不用担心我们的口腔问题了。	0
有斑,我帮你清除斑,没有斑,我帮你预防斑.	2
有斑清扫斑没斑预防	2
我就送给你了;有很多人是用咱们纳豆激酶来替代那个丁类产品的	2
那很多人就说主播你们家油为什么这么好用？	0
咱们呢有没有些早上起床呀,感觉自己嘴巴苦苦的,感觉,自己的话呢说话会有点味道,就不大好意思啊,感觉去正距离交流,担心尴尬的啊,有没有上洗手间的话呢?是比较费劲,皮肾肾畅比较比较硬硬的.别人的话呢一天缺个一次,一天缺个两次,你的话呢需要三五天五六甚甚至嘴久的时间啊才能去一的.有像这种情况,橘粉也都是可以直接去喝起来啊,还有.	2
家人们赶紧捡捡漏，还有两单，谁抢到算谁的hello？	0
我们在这基础上给你加了两盒，便携装一盒三十颗，两盒六十颗，相当于白白送四罐，加两盒，一共一百六十颗。	0
去厕所大便比较困难。	0
这个时候会随着年龄的增长逐渐沉积很多脏的东西,你也吃口东西.如果说一直不管它就会越来越窄,时间久了就会被堵住了,就得冲一冲它,对不对?还不管它,人工支架就得用起来了.如果说你一周吃不了两斤的海鱼和贝类要越早吃起来油越好,时间久了,血管还得给清洗清洗的对,对?	2
抽烟人群听好了，我们补贴的名额，还有最后三单库存了。	0
对身体没有任何负担	2
现在还没有吃浅深海油的,抓紧时间吃来	2
三呢是一百选项，二十一百六十一块钱到手一百二十粒TRVE是的，二十粒的TR维c另外粉丝宝宝满额一百二十八元，还会额外给大家搭配上营养生堂的胶原蛋白肽链接以上想要早生晚CE组合，宝宝可以拍享受的二号链接吧。	0
咱们家的三号链接给到你的，然后姐姐怎么去拍？	0
你家孩子不管在学什么,那都得用到大脑.你说营养都没有了你,怎么让孩子学营养都没有了你,怎么让孩子了解到提苗的功同发展?	2
还有最后三单谁抢到就是谁的.	2
十年后,二十年后的自己一定会感谢现在在努力保养自己	2
去买天然维生素e,天然维生素e呢能够明确的把美容去黄褐斑批注在产品包装上有斑,我帮你清除斑,没有斑,我帮你预防斑而,添维生素它里e,确是二十五岁以上爱美女士有斑想要清除没有想预防斑懂斑内服.	2
预防	2
哪里有问题的话呢我们可以扣问题的哈，有需求我们可以扣需求的。	0
家人，你是你这你讲的家人，我没有没有看明白，家人现再重新打一遍啊，再重新飘一遍。	0
帮你清除斑,没有斑.想预防斑	2
,你平常熬夜多作息不是很规律,唉,压力可能比较大一些,饮食又跟不上,我们身体哈,就容易缺乏一种营养	2
血管是比较狭窄	0
正点点软糖，并且姐妹现在拍拍手去去，咱们再给大家额外赠送到两盒的一个便携装，拍到手，一共六盒，吃两个月没有问题。	0
咱还可以说打开胶囊壳啊、泡水喝有任何不明白的话，就打到咱们的公屏上，咱们不要带着疑问离开了，是不是因为你想啊，中老年之后你就会。	0
咱们直播间直接作为粉丝礼物送给您的哈胶原蛋白肽是给咱皮肤肤补充充营养的。	0
,黄褐斑呀、雀斑老年斑都管是有斑通过内,来清扫斑没斑去预防来让脸蛋更干净让我们状态,好.它的功效是国家认证的,就是把天然威业把内服美容清扫斑的功效披在合身	2
所以说家人们还没有吃起来,牛的,趁现在活动给咱自己准备上抓紧时间吃起来.	2
,那么我们的身体会很智慧,身体就会由于缺乏这种密族一样来发出一些信号来提醒我们,你该把营养补充到位了,你把营养补充到位,身体咱不缺了,营养咱跟上了它这个问题就好了.	2
你到这个年龄了,你不去补软骨,钙,两个大骨头中间这个软骨是在里面给你润滑的,就像是你机器里面的润滑油一样,你每动一下都要靠这个软骨就给你润滑.	2
主播这边的话给大家做个一一讲解，拍了宝贝不要橘粉怎么喝的？	0
临床级别	2
老人和孩子吃钙就得选乳酸钙一粒儿	2
它才能够针对到色斑的问题.黄褐斑晒斑老年斑晒斑色斑的找维皮肤素e不自信不在状态	2
,这个时候会随我们年龄的增长逐渐沉积很多脏的东西粘稠东西.如果你只不管它,它会越来越窄里,不管它它就被堵住了,就得冲一冲啊,对不对?还不管它,人工支架就得用钱了	2
一定要吃	2
,告诉你,我缺乏了,您会感觉身体上跟以前呃有一方面不不是很不是很抵劲,不是很舒服了	2
瓶瓶罐罐,小白片,咱吃得越多,吃得越久啊,咱身体的负担重压力大	2
果说家人你一周吃不了两斤的海鱼和贝类,你就越早的吃起来深海油越好,时间久了,咱血管你也得给它清洗清洗的	2
因为这个胶原蛋白它是由内而外的。	0
早喝早享受早喝早受益	2
姜黄素提个代谢呀打,代谢总开关呀这是公,	0
但是你晚上超过十一点还没有睡觉,就是属于熬夜的,长期熬夜,熬夜熬的比较晚,又爱点外卖,吃吃的油高盐高的.甚至有的时候哈还以为朋友出去啊把酒言欢的,已经可能有的宝宝阴酬比较多嘛,咽炎酒戒不掉的,其实这样对心脏负担都是比较大的.那么你既然你跟我一样做不到,晚上十一点之前睡觉也是戒不掉咽炎九九更做不到不吃那种油膏盐膏的.那么至少先提前把干片去购起的.	2
鸭血也不爱吃，正好菠菜，那也不爱吃。	0
国家c批.临床把关	1
这个时候骨头跟骨头之间随着年纪的增长,软骨越来越少,骨头跟骨头之间就会不断的摩擦,摩擦久了它就会咔嘎的响,再久一点,酸疼肿胀.如啥一直不管它就跟我们啃大骨头似的,外边包的这层脆骨就没法用了.人工支架咱就得用起来到时不是,十久了因换一次一次就得,万块为在了吧?	2
主播每天都会给大家直播的收到货了，来主播的一个直播间来问主播都是可以的。	0
家人咱缺的不只是钙,缺少的,还有润滑油、软骨、钙、软骨钙加硬骨钙一起吃啊,这才是正确的吃钙现向不对,努力白费.骑自行车时间长了,咱要给链子上上火,身体也一样,它也需要油,所以还没有吃起来软骨钙的,抓紧时间.	2
家人们不担心心品质，不用担担质量问题啊。	0
对，价格相应。	0
Vc能够让我们的免疫力更棒体,更.	2
大家都不想开口讲话，一股子味道的，平时感觉口干口苦的感觉，口腔发涩的感觉。	0
都知道车链子其时间久了,我们需要给车链子上上油.那更何况是大家每天磨损的关节呢.所以家人们缺钙,补钙一定是越早补越好补,您越拖越补好补.	2
这两款产品的配方，你可以基础直接发现长精茶的配方是仙仙茶基础配方上的改变缜密的一个变化，配方上又缜密又细节，而且比仙仙茶额外多了三四位，这是我长精茶比仙仙茶功效强的一个必然原因。	0
天花板	1
那你可以去市面上搜一搜,因为一旦用上我们拉曼进口的乳生菌单颗单片到手,你都要一个两位数要的呀,没有两位数,不帮你压根下摆啊.	2
看我们自身情况,咱们有经常熬夜了,加班呀,作息不太规律,一样不太均衡,身体发出一些信号	2
液去清扫斑没有斑预防让脸	2
像比如说钙元素这种东西，我们每年春季去补就行了。	0
因为咱知道多吃水果蔬菜，多喝柠檬水，对皮肤都很好。	0
所以说在这个时间段,我先查啊,姐妹们啊有有力力不足啊,不对,主播主推肠均茶,加强款升级款线下线上销量爆款姊妹对不对?	2
有哪些家人要立刻吃起来深海鱼油来听好了,希望大家有事儿没事就来一根黑一杯的,三高的,拿手机找手机,头晕眼前,	2
来一号链接都是能够是给到所有人啊享受，到时候每天去吃两粒就有六百毫克的钙有的。	0
总是阿秋,阿秋的就吃维c,让我们免疫力更好,让咱素颜更好看.不管你是熬夜熬的,素颜憔悴也好,还是晒的或者天生的那咱都可以把维c吃起来,	1
莎莎宝贝哈b跟e怎么吃？	0
便秘、打嗝	2
有冠军给咱们称称把关咱们吃的安心车放心.	2
这个时候大家一定要把咱们二型骨胶炎给我吃起来,一定要把二型骨胶炎给我吃起来	2
哪里有问题的话呢，我们可以扣问题，有需求我们可以扣需求的。	0
咱听好了啊,你管大家脖子脖肩肩疼,脚脖子疼的手指头酸的、疼的咔咔响的,膝盖走路啊,卡盘倍死,软管管抽筋,脚脚心抽筋,脚趾头抽筋儿的,不管大家疼了十几年,几十年大半辈子的软骨钙没有吃起来的,抓紧时间吃起来咱还不晚.	2
它对我们身体是没有任何负担	2
所以说咱们有活动的时候，您觉得有需要宝贝，咱们就可以直接去拍早拍，早享受早拍，咱们可以早点去感受。	0
家人们赶紧捡捡漏,还有两单,最后两单了,谁抢到就是谁的家.	2
个ISC中国人帮我安承保的啊	2
国家认证的是国家批准的功效	1
身体需要补充b的时候,赶紧把b补一补	2
人也是一样的,所以说家人们还没有吃起来油的,趁现活动给自己准备上抓紧时间吃起来.	2
就被堵住了,就得冲一出来,对不对?还不管人工支架就得用钱了.亲人们,到到那时候可不是花几十块钱的事儿了,一次就得十几万块.	2
在我姐妹们哈，你做不到天天吃猪肝的，做不到顿顿吃鸭血的，一定要把我们家富蝶软糖带回家，真实有效，做到这个富铁氧铁补充铁。	0
如果你刚开始喝都感觉无关痛痒，没什么感觉，那就是没用，那就是没用啊。	0
咱们家啊一年的钙含量呢高达十四万四千毫克的家人们每瓶的钙含量咱就有两万四千毫克啊，你不需要吃四粒，也不需要吃六粒，每天只需要两粒就足够你一天所需的钙含量的家人们没拍到，没买到的，你抓紧时间去拍，抓紧时间去买啊。	0
所以一定要吃VE以内驱养胃的形式	2
平常的话呢有上厕所费劲，上厕所困难的啊，没有些什什么一些情况的啊，感自自己小常小，小到不不得劲，感觉自己代谢期比较差的，都可以直接把咱们家嘴粉去补充起来啊，没有喝过，没有了解过的，我们都是可以看看自己的话呢有没有想这些方面些问题。	0
姐妹，我都希望我的产品能够帮助到您的好不好？	0
受还是咱自己的身体,是不是?所以说一定得趁着,现在赶紧去给他引起重视了.像我们的小宝,如果说今天有出现到以上这些信号,更加得引起重视.什么信号?	2
压脂糖	2
且呢果药呢还给大家添加了钙的好,达到维生素d三,更好的促进咱们钙老吸收了姐妹,尤其是,上了年纪纪上岁岁数的啊五十了七八十了,年纪大了,咱缺钙呢,较严重的.那么咱吸收能力呢也是越来越差了啊.所以呢像这些家人们就应该选择咱国药这款添加了维生素d三的软骨钙了了.	2
如果说你一直管它,它就会越来越炸,还不管它就要被堵住了,咱就给它冲一冲了,还不管它人工支架就得用起来了.到那时候,家人们不是花几十块钱的事儿	2
功效快	2
这个是我的顾客真实反馈图,你可以看得清楚,	2
好的，二号链接已上架。	0
还有最后三单库存。	0
经过国家审批临床把关	1
宝宝是白天去吃饭，前饭后都可以吃完b族您多去喝点水，也能够促进它一个吸收的。	0
针对斑斑年问题效果更好	2
咱们家都是回头客,	2
所以说如果我们家的一个脂粉没有什么用的话，那么这个检测报告白酒公章就不会出现在这里就没有了。	0
带回家呢，老人可以喝小孩，可以喝孕。	0
去买胃片的,能够照到你心脏也,够照到你小胃胃的.你看嘛像这几款都是市面上卖的不错的,它的水分肌密含量只有到几千毫的,而且都是单一配方的.	2
那直播间的姐妹，其他的姐妹都去买化妆品，护肤品的时候送的都是表面功夫。	0
朋友们，来，今天我们家产品，我你们们好好吧，我说好，你们有信信是在画问号来，这样我让你们拿回家试啊。	0
家人们,中年人老年人一定要记住,咱们要去把软骨钙就吃起来.因为咱们的软骨在三十岁之后开始流失,到七十岁被彻底消耗完.所以咱们三十岁之后,软骨大量流失,你不去把软骨及时给大家补充上去啊.就像是你机器里面缺少润滑油了一样,没有润滑油了.这个机器一动起来,咯吱咯吱响,磨的时间上给你磨坏了,磨坏了之后酸疼肿胀嘛,跟着就来了.到那个时候再想起来就补软骨就来不及了.	2
宝宝们，如果说你们个人目标特别小，只是在大餐之后约束改善，那你们可以去看二号链接仙人茶哈，想要更快更猛，更有职业性的利和好一点的。	0
你想你每个月给自己买很多的化妆品、护肤品，是不是素颜状态依旧很差。	0
维生素b族,它是管咱身体的	2
想在短时间内达到身材管理指标的	2
不全,全营营养补的不均衡,咱身体的b族营养素,这个时候补充的不到位了.因为b族营养素它是我们们本身必不可少营养素	2
大家抓紧手速，秒拍秒货左上角。	0
今天不把咱们家的这个富蝶软糖带回回家，尝试一下，体验一下。	0
针对咱一个吸膜,收根香膜果也更好的明确把内服美容宝宝对咱一个色斑的效果批注到评论上面了.经过咱那个吸场部门临床测试,它有这个效果才能往上批的.	2
宝贝一个月轻轻松松的身材管理实现现穿自由油有快更猛更，针对性更厉、的四号链接长经茶大目标大基数的顽固卡在平台期的生完宝宝之后想要快速恢，产前身材的男士身材苹果型身材像，们家久坐了有没有将军肚游，圈妈妈囤的男士喝了发酵之后有肚子只要说咱们是想要，身材管理的宝贝我们家产品是好用完，是靠谱的。	0
汤臣倍健系列商品的话呢，在咱们一个主播直播间啊都是做到的，是有买有送的。	0
链接拍哪一个都可以的，根据自己的问题，时间长短去拍根据的需要去拍。	0
有双冠军,为咱们做代言	2
啊，这个七号链接的钙片的话，一百二十粒一瓶，买回去的话，一天吃两粒就行，一天吃两粒。	0
家人们五单之后补贴结束，谁拍都是一瓶运费险，七天无理由都给大家安排好了以后再想吃上，既便宜又管用的鱼油，真没那么容易了。	0
喜欢满意，咱留下不喜欢不满意，直接来找我。	0
咱们要做的就是去补充咱自身所需要的一个氨基酸而不是靠什么小,片靠什么安眠药安眠,你要是靠那个朋	2
老年斑都管事儿你要,斑去清扫斑你要没,斑去预防让脸蛋更干,国家批整的功效	1
奶奶,包括就是说咱们自己随着说年龄的一个增长,身上各方面的一个问题那是,就显现出来了.这样痛大痛的,平常说爱爬楼梯挺费劲劲,上个厕所动不下来的,上上厕所之后呢又站不起来的,都可以直接的去拍咱们的一号链接.	2
宝贝堵，第二天你再去的时候，你第二天你跑个风额，你跑个二三十分钟，你蹲那了，你脚脚麻麻了，你还蹲不出来的。	0
然后我们小样送给大家的，就是我们拿回家去试一下宝贝哈。	0
直播间给到大家做到了整整的三百七十二项，所有的都给大家做到了一个检测啊，我们的这个懒惰白，还有我们的这个宝宝进到直播间啊，还有我们的这个梨同学怎么来我的金毛啊，我跟你说一下怎么服用，你可以把它拌在牛奶里面，酸奶里面、豆浆里面、豆奶里面、咖啡里面、果汁里面包括四十度以内的温水里面全部都可以。	0
有需要的家人赶紧捡捡漏好,最后一单了,谁抢到就是谁的.	2
所以说咱一定要吃维生素液来通过内服的形式以内去养外来跟我们的同龄人呢拉开一个视觉上的一个差距,来让我们的状态呢更加的年轻态.\\所以我们要通过内服有斑去清扫斑霉斑去预防来让.	2
可益生菌一定要认准咱家原头厂家工厂直发售后无忧，对来直播间家们都拍了吗？	0
不管管人人的支支支架就得用起来了,到时候就不花花几十块钱的事,一次就得十几万块无波.如果说家人你一周你吃不了两斤天,海鱼和贝类,你就要越早的吃起来.时间久了,咱血管你还得给他清洗清洗呢.	2
针对黄褐斑晒斑雀斑老年斑	2
而且像迪丽热巴、秦岚舟夜陈丽君自己都在吃,并且自己都在推荐到的.	2
早上一定要吃一片维c.因为我们太阳会晒的我们素颜憔悴嘛	2
你什么诉求健康，什么问题是什么诉求？	0
如果说您的物理时间比较长了，一年两年三年的建议拍三个链接，三号链接二十盒。	0
因因咱咱们人旦过了了十好,您一里里面的钙是加速流失的过程,尤其是我们的这个软骨钙家们,它随着年龄的增长,它不会再自动生成了.像这样的关节之间的润滑剂呢就会越来越少.身体里面这样的骨关节一共是有两百多处的.你前期一次一摩擦一次性磨损磨的骨骼嘎嘣嘎嘣响到了后期.你把这个软骨磨烂了,磨透了,磨穿了,不能用了,我们需要把它给换掉,那叫做关节就坏术.您做一次需要大几万块钱,咱们是不是到了后期你更加的遭罪,更加的费钱了.	2
二号链接是养堂TNE和TNVC组合套餐，点开链接里面有四个选项，其中第三个选项一百七十九元到手的是一百粒的TNVE和两百粒的TNVC。	0
你说主播我刚进直播间，我还没有抢到优惠券的，有吗？	0
早发现早调理,早改善早健康.	2
宝宝们啊，对感冒灵一次泡两包可以啊啊，不能重复泡天天喝。	0
家人们啊收到货，咱们每一盒上面呢全部都带正品标识，每盒都有防面秒啊。	0
如果说你这不管它它就会越来越窄,你再不管它被堵住了,就会冲一场,对不对?还不管它,人工支架就得,时间久了,血管得给它清.	2
免疫力	2
咱的自信不是靠嘴吹的,靠数据来征服大家买别人的油仨月俩月啥都感受不到,是因为你用的浓度不够.	1
家人们是不是这样的？	0
那这里有几个点肯定是大家比较关心呢。	0
准咱家钙一,而且咱家什么旗舰店的钙啊,旗舰店配方是更加专业,效果是更加好的啊.咱家这个钙之后,其他劣质钙不需要再买了.	2
爬楼梯爬个两三天才要歇一样的来。	0
宝贝们就说明我们需要这个时候就需要我们的益生菌来给大家调节，对不对？	0
管用的钙六十岁了啊,一天吃两粒.那哪些家人需要立刻吃起来?一号链接这个软骨钙呢,咱听好了,像大家脖子肩膀、胳膊手脖子疼的,手指头酸的、疼的、咔咔响的,膝盖走路啊,咔嘎响的小腿抽筋儿,脚心抽筋儿,脚趾头抽筋儿的,不管大家腾了十几年几十年大半辈子的软骨钙,没吃起来的,抓紧时间吃起来咱还不晚.	2
我教一下你们大家怎么拍，好不好？	0
没有副作用	2
这些呢我是比较推荐的，像一些漱口水呢，它只是有把我们口腔里面的一些食物，你加洗漱掉，用到呢大部分是化学成分的。	0
哪些家人需要立刻吃起来晒海油,你听好了,像大家有事儿没事抽烟喝酒的,三高的,你拿手机机手机头晕眼前,片黑的不管大,是几年十几年.	2
咱血管你还得给它清洗清洗呢对,对?.你这个时候会随着我们年龄的增长逐渐沉积,很多脏的东西,粘稠的东西.如果说你一直不管它,它就会越来越窄,时间久了就会被堵住,就得冲冲冲.对对不对?还不管它,人工支架就得用起来了.到时候就不是花几十块钱的事了,一次就得十几万块.	2
我们以前没有在任何一个平台开过直播。	0
紧时间吃起来,现在吃还不晚,方向不对,努力全都白费,选对产品很重要.如果说就是不管它会变得越来越窄,时间久了就被堵住了,就得抽一抽它,对不对?还不管它,人工支架值用起来了那,时候可不是花十几块的事儿一岁.	2
所以吃维液有斑清扫没斑预防国家批准的功效哦把,然维液把内服美容去什么斑的功效	2
如果咱生活习惯比较规律的，我身体倍儿棒的。	0
因为咱们如果说。	0
油越好,时间久久,血管还得给它清洗清洗对,对?人也是是一样的.还有最后一单了,谁抢到就是谁的家人们.	2
二十四年我的新粉姊妹，您还有什么担心的呢？	0
平常的话呢搭配牛奶、果汁、豆浆、咖啡都没有问题的啊。	0
买一次吃，一年补贴名额，就两单两单抢完补贴结束之后，谁拍都是一瓶运费险，七天无理由都给大家安排好了以后想吃的既便宜又管用的油，真的没那么容易了。	0
第五呢，可以选择常温储存的益生菌。	0
我们老一辈儿流传下来配合方宝宝们温和安全,您就是长期喝都没有关系哈	2
是这样的宝贝哈。	0
家人们，我们今天的福利就到此结束了呀。	0
咱们的玲姐拍了吗？	0
你要吃维c，然后第二步您不是皮肤不好吗？	0
只不过到之后呢会根据大家一个问题呢给大家进行到一个讲解加盟。	0
让我们状态更加年轻,态有斑,清扫斑,	2
那天然的VC,你像我们平常换季容易啊,秋感冒的免疫力一个问题的姐妹,	2
有斑,我们去清扫斑没斑,我们去预防来让	2
不用担心我这个身体面这个情况	2
如果说你是很小很小的小基数，对不对？	0
是国家给批准的功效.国家把天然维生素液把内服美容清扫斑的功效给您p在合身上的孕妈妈哺乳期、备孕期、经期、更年期都能吃,还可以涂脸斑多的纹儿,多的上妆,	2
院线级别	2
稳赚	2
您如果说有任何不明白的问题，就可以打到公屏上。	0
有双冠军为我们做代言运动员都在壳的一款益生菌.	2
喝到之后呢，您喜欢您满意，您再留下，不喜欢不满意，直接原路返回。	0
因为产品线下线上，我们都在啊同步去销售了。	0
想跟我们的同龄人拉开一个视觉上的差距	2
还有咱们这薰薰衣草油、洗草油、干素素、c奶蛋蛋分叶叶酸、百香果酸樱桃啊。	0
不管你是内服还是外用，都可以去使用咱们天然的维生素e。	0
蔬菜水果不怎么吃,身体会很吃惠的,身体会缺乏这种魅族营养来发出一些信号来提醒我们,该把营养补充到位了,咱补充到位,咱身体不缺它就好了	2
刚才已经给大家上了两单现货库存，现在秒赔秒拍一单，老板们现在秒没一单。	0
咱们黑玫瑰养生堂的维生素e的话，是国家批准的功效给你看一下，把t安v把内服美容祛斑的功效呢？	0
你这个人生命也停止了，被挂在墙上了，就这么夸张。	0
我们是经过国家审批,经过临床把关	1
拍完没有了，就说没有了，拼拼手速，拼拼网速，不懂不清楚的家人们飘出来主播给一一做出解答，解答清楚，解了明白的下单，而且咱们是恰赞堂黑标旗舰店旗舰店的东西。	0
你这一辈子只有这一副关节,没有人会说我到老了之后,我的关节问题会自然而然变好.没有的也没有人会觉得我的这个关节问题啊不止这两百多不.	2
咱吃了这款钙呢,才没有白花冤枉钱	2
因为啊骨骨连接的地方呢,咱需要加油了,咱平常吃的钙啊,它是管这个硬骨的给你的软骨啊,它是没有半毛钱关系的啊.如果咱们一味的不去管它,你摩擦时间久了呢,就会出现软软骨胀,就像咱们吃的大骨头一样啊,外面包裹的脆骨就没法儿用了,就得换零部件了.家人们那个时候啊,咱人工支架就得安排起来了,咱遭罪家人受累.	2
那么大家看视频进来的,想要去吃到视频同款明星秦楠同款.	2
家人们您赶紧去捡捡漏,还有最后两单库存,谁抢到是谁的来心的心愿.	2
因为为咱们也是保保保的,而且都是有专冠.为咱咱做代代,有冠军给咱们成人,把把咱们吃吃安心吃的放心,包括咱们配六.	2
钙的流失会导致什么?抽烟走的好好的,突然脚崴了一下,包括这个小腿有的时候会一抽一抽的啊,牙齿出现到一个松动感了.看一下关,就是想一下自己父母指甲方面有没有竖条条的,这个就是缺钙,少钙.	1
一定是维生素e女人全靠保养,保养老样子,不保养一定是样子.	2
我们的改变它都是有经过三百多名儿童以及一百多名选员来参与到我们的临床实验得出来的数据啊.	2
它对我们的一个免疫力也非常好	2
天花板	1
没有产后妈妈想要恢复产产前身材姐妹有没有的？	0
然后直播间各位宝贝们，你们今天听好了，我家今天是新号开播给到你那个新号啊。	0
一定要坚持去喝起来，不能三天打鱼，两天晒网，你喝的不错，好使好用，咱们要留下坚持喝。	0
是的，想要早c晚CE想要皮肤保养的选择。	0
所以说我给大家来讲呢，靠谱吗？	0
长了斑的怕长斑的皮肤呢存在一些素颜,感觉不自信的,我们皮肤感觉特别的不在状态,有憔悴感的维生素e维生素c你要去补充起来	2
脏的东西,粘稠的东西,你如果不管它,它就会越来越窄,你再不管它,它被堵住了就得冲一冲,对不对?还不管它,人工支架就得用起来了.家人们到那时候,咱可不是花几十块钱的事儿了,一次就得十几万块.	2
一定可以放心闭眼拍啊	0
我们家一号链接呢，回去先感受一下，而且一号链接回给大家说了，今天这样一个福利库存也不选择，对不对？	0
二号链接是想能天VE和天VC组合套餐。	0
会让我们身体呢是可以两身去循环的啊补充菊粉。	0
也一定可以放心闭眼拍啊，因为他们要求比我们高出三百倍以上，好不好？	0
然后我们再三个月给你稳固，所以六个月一吃你停掉。	0
因为喝橘粉呀，它是会让我们那个肠道是可以动起来，它是会让我们一个代谢呢，可以相对更更好一点点，会让我们身体哦，可以量身去循环的啊。	0
二号链接还有两单哈，二号链接还有一单，二号链接只有最后一单了。	0
嗯，来咱们这个啊叉叉啊，叉叉小姐姐啊，叉叉小姐姐是新人，是不是好的？	0
Cc宝宝，我们不是录屏，你是不是问了问题啊？	0
日。	0
我来说一下咱这个产品一个特点啊，首先是它的成分，它这里边的话是有五种果蔬配比而成啊，科学。	0
线下线上销量爆款,姊妹包括主播自个喝的也是它的.	2
这个弹性圈是支撑我们两个大骨的这就告诉你们。	0
我们要最后一分钟时间就要截单了哈。	0
一定要吃	2
天然的维生素c呢，它里面百分之百是来自于巴西真樱桃提取出来的针叶樱桃里面富含那个大量的花青素宝宝，青素它就是，你这个事儿的管你这个，儿的哈你可以上度，上搜一下很多大牌物品都有这个成分。	0
活动结束之后,谁拍就是一瓶需要的,家人赶紧捡捡漏,还有两单,谁抢到是谁的?	2
现是北京时间五点十分，主播还有一分钟。	0
家人们到那时候咱可不是花几十块钱的事儿了,一次就得十几万块.	2
头跟骨头之间啊,你随着说年龄的一个增长,软骨越来越少了.骨头跟骨头之间不断的一个摩擦,摩擦久了的话,它就会咔嘎响.再久一点的话,它就会酸疼肿胀了.如果说你一直不管它的话,咱们的一个软骨的时就变成了一个大毛病了,到时.	2
核母细胞是指的什么？	0
这款氨糖呢它针对于咱们关节当中所发生这些问问题题	2
今天是咱们的六幺八返厂活动活动不是天天有亏，钱福利部分天天做的，咱们是安宝贝，咱们是恰蛋堂黑标旗舰店旗舰店东西西买心福利活动，今天给主备分，现在主播给您缓缓释十分满满意。	0
咱还有最后私单,谁抢到就是谁的家人们主播下播以后,集团不会再补贴了,你吃了,现在有活动.	2
我们可以连续的滋养我们一百天的一个时间以内去养外来,让我们状态更好,也是国家批准的功效	2
宝贝儿，那您即使姐妹啊，您其实不在我这儿买，没有关系，咱是不是要从大品牌开始入手啊？	0
有如果说你之前没有了解过益生菌的宝贝，今天给你们讲什贝。	0
有双冠军为我们做代言	2
在短时间内拿到	0
很多哥哥们说，主播现在比较较结结，比较犹豫豫不要要，可可以看过来买，是是江湖五十五年的国货狼牌刚牌照都是白牌，不是三无产品。	0
这两单库存，这两个库存拍了之后呢，我们就直接下播了。	0
来宝们就我直播间间减肥，这俩字儿老醒目了，那这俩大红字儿，你不知道我碧生源干啥的啊，这俩减肥，这俩大红字就肉眼可见的醒目啊，是不是啊？	0
这时候你啊有这种情况,一定要吃益生菌,特别要去解决问题啊.因为你要知道益生菌是你身体本来就有一部分,对不对?	2
也是希望咱这个黄芪、阿胶口服液都会走得更长远。	0
替代他汀类	2
们想去清扫它霉斑怕长斑,我们想去预防的皮肤比较粗糙干,的是不,咱维生素都可以e吃啊	2
那如果说包括你有一个微一些市面上一个粉末状益生菌的,虽然都是益生菌,但它里面是那种很稀很稀有粉末状的,就是你这种东西你倒进去嘴巴里面它在我们口腔停容时间太短了,因为你倒进嘴巴里面,它是那种粉末状的嘛,一托西它要下去了,而且呢有一些很不嗯那个有一些粉末状益生菌哦,它需要它是需要你泡水去喝,是不是?	2
血管壁上面,所以说到我们血管壁上面,它会导致什么呢?越堆越多越堆越多	2
外边包的这一层脆骨就没有办法用了,人工的半月,什么板儿就得用起来了,到时候不是五十九的事情了,两年换一次一次就得两万块费.	2
黄褐斑雀斑老年斑它都管事儿你有斑	2
第一就是鱼油含量高的才能放在第一个这个咱们大家都懂EPA的含量在八十五以上。	0
下面三种呢都是属于一个拉屎水拉稀稀的一个情况啊，遇到上下这两种情况的时候呢，我们就要注意了啊，宝宝宝妈们就应该适当的去给我们宝宝补充一下，唉，补充一下益生菌了。	0
买别人的油,仨月俩月啥都感觉不到,是因为鱼油浓度不够,咱家鱼油每粒都在百分之九十五以上,满足了大家对一天不饱和脂肪酸的需求,吃了它别的油就不用再吃了.	1
才能帮助到我们的关节。	0
今天咱们家你直接去拍一号链接就行了，因为一号链接你能喝多久了？	0
我们家这款在浓度成分含量效果确实是远超于从市面上同类产品的一瓶,相当人家四五瓶的.	2
是的,你去天猫京东上面,你就得要是一瓶四百五十九乘以二,九百一十八块钱才能带回家.对我们家主推主讲,主卖都是干片,不管是价格机制还是规格,都是更加不错的,是想更加划算的想效果.	2
然后咱们直播间梅子呀、白兰花呀，还有明天的阳光，还开开心心姐妹哈，八点咱们结单了哈，就八点之前的订单全部安排今天发货，大家有问题的话都可以跟我讲。	0
我们就吃e盒c有搬去清扫,没斑,去御猛方单买维生素e	2
所以这一点的话,你们大家是可以放心的啊,你们自己不用去拖,你们自己不用去拖,越拖越久越拖越拖越麻烦越拖,严格重.各位朋友,你拖的时间久拖的问题多,你会拖出别的问题,对不对?	2
拍完之后不想要可以联系客。	0
因为我们觉得二号街你们很需要它。	0
它的保健功效是能够经过国家审批临床把关,保健功效将保健功效标注在瓶身上的彩虹泡泡宝贝儿	2
咱那个上的胶原蛋白肽是给咱的皮肤。	0
那每天喝个三勺，它是可以满足门肠所需。	0
第二天整个人的皮肤状态是越来越差的。	0
们想要身体好的家家中呢一定要常备益生菌,尤其咱平时你是饮食不规律,作息不规律,酒局多饭局多加班,熬夜应酬多.	2
诱导	2
临床测试	2
我不拿那种欧元伽三只有百分之八十七十来糊弄你三十以上到百雀老人咱都可以吃的。	0
家人们一定要吃益生菌	2
比方说打个比方啊,甘油三酯叮嘱染白胆固醇.这个大家知道的我们身体很很排这三样东西,为什么?因为甘油三酯情绪产物,熬夜抽烟、喝酒,对不对?我的情绪哭闹了,难受了啊,心里不舒服了,不舒坦了啊,心里的忧郁了,它就会有一个什么甘油三酯出现,对吧?随着年龄越大,它沉淀物越多,就会有这个东西出现.第二个胆固醇胆固醇嘛,吃出来的啊,甘少三酯没少喝吧,对不对?之前欠的债现在得还了啊,就前前在我们身体得还了.那甘油三酯和胆固醇混混合物叫.	2
针对黄褐斑晒斑雀斑老年斑	2
所以咱要吃蚊液,通过内服更斑的年轻斑来斑去预防来,我们的脸蛋儿更干净让我,的.	2
喝什么呢？	0
那这一款钙收到手以后，是全家老少都能去吃的。	0
咱血管儿还给大家清洗清洗呢对.,还不管它人工支架值就得用起来了到时候,不是花几十块钱的事儿了一次就得	2
诱导	2
咱们这款维生素c的话,它是明确功效.针对免疫力的问题是直接批在包装上的.	2
益生元的话呢，它是可以维持我们的一个肠道的一个运转的啊。	0
我也没办法了,没有抢券的,赶紧抢.	2
你的一个磨损,你日积月累,走路也好,跑步也好,运动也好,健身也好,你的一些关节的一个磨损程度,它是有的是在那里的.而我们家氨糖,它是作为一个膳食级别,是要经过一个慢条慢理给到大家连根拔起的啊.	2
黄褐斑雀斑老年斑都管事儿你要有,我们通过,服来清扫斑你要没斑去,	2
谁抢到是谁的.	2
买到就是赚到	2
间拼拼手速了.哥哥姐姐们啊,各位中老年朋友们不要去拖,也不要去等.但凡你突然发现你这关节嘎吱嘎吱响了,或者说你突然发现你这边现在有些使不上力了,抓紧时间不要去拖,也不要去,等.没有什么问题是拖着拖着给自己拖好的,很着等着给自己等好的很多问题都是拖着拖着,把小问题变成大问题了	2
首先它来自美国朋友们进口的国外卖的很火很,明明星网红都在用啊而且,话呢咱家这款软糖.	2
这们家挨个我跟你讲，我们家活动的话，我们左上角刚刚你恭喜你加入我们福利名额，现在去拍我们家啊，二号链接，咱们姐姐二六八，平常去买三六八，今天在我这边间六八，现天常去买，这价格格只有三盒的。	0
当然了,宝宝不管咱后呃,就是你像我们后期形成一个斑斑,黄褐斑、晒斑雀斑老年斑妊娠斑,只要有斑,姐妹你就去,带维,素它这个功效不,e,的宝宝是明确批注到子上,啊内服美容去咱那个祛批注到,子上面经过市场么它这个效果,能个效果往上批,	2
好吧。	0
但今天在我们直播间只需要两个数的价格，就能够去把我们家产品去收到。	0
嗯，能量瓶是吗？	0
胆固醇	2
来。	0
库库存经上好价格已经看好，我们在八点十五的时间也要准时的解单了。	0
因为我们家你要知道我身上这两个东西起家的,并且第二点我们家还是国企还是药西七,经过央妈认证的,我家有专利,	2
大家都还不去重训到手,您就只能去线下医院,花更多钱遭更多罪了,那也没必要	2
我们在这基础上额外给你加赠两盒便携装，两盒便携装，不是一颗两颗，小七巴拉的两盒，一盒，里面有都是三十颗，是这种独立包装的日常方便好携盒独立包装的一盒三十两盒六十六相当于直接白白送你们六十颗。	0
可以长期服用,三岁以上小孩都能去吃.它.不仅针对免疫,它也针对敷皮肤的状态,我皮肤素颜特憔悴	2
姐妹们，这就在告诉你，你的胶原蛋白是在慢慢往下流失在流失了。	0
要拍要带的话呢我们可以直播间拍直播间带的，所以的话。	0
欢迎新进直播间的姐妹们，有任何问题，也可以打在公屏。	0
我们买油就选深海油,认准大碗盘,广澳集团世界五百强正儿八经一个药企.再一个PICC中国人保给咱做承保大碗盘,让你买咱安心吃的放心.	2
然后莎莎宝宝哈一天吃几粒，什么时候吃宝宝，这是它一个吃法。	0
而且来到主播直播间，今天给大家说了，像很多人会发现一号链接，日常拍一桶正装两百七十多，两桶要五百五十多价格，哪怕去天猫淘宝去逛一逛，看一看它一桶正装然要两两百出头，对不对？	0
来一号链接，我们还有两单，不知道怎么去拍的。	0
只要想保养皮肤的,你就闭眼去入它	2
诱导	2
无论说它多快多猛,宝贝们,我要给你们去说哈,不会对身体造成负荷伤害依赖的宝贝.	2
对的,它也是我们明星奇男,同样在吃的产品.	2
我们都是给到大家尊重每一位消费者选择的。	0
秒拍秒付主播下播了，给他发货，直接给大家备送官方旗舰店，假一赔四七天，无理由运费险都给大家安排上了。	0
嗯，特别好吃。	0
哎，它就可以哎，给我们这个肠道的平衡给它拉回来，是不是来大家看一下啊，看一下我们这款博麦斯的复合益生菌粉啊。	0
它就会越来越窄,时间久了就会被堵住,就得冲冲它,对不对?还不管它的话,人工支架就得用起来了到时候,不是花几十块钱的事儿了一次就得,几万块.时间久了,咱血管你,还得给它清洗清洗呢对不,人也是一样的,所以家人们还没有吃起来鱼油的再吃,现在活动得基准.	2
好吧，别买错了哈。	0
但如果说你今天没有拍到一百五十九元这个价格的，你明天后天再明天再回来拍，直接恢复三百五十八，三百五十八，平均算下来你一罐就要一百七十九元了，跟二号链接没有区别，是不是？	0
因为咱这个成分决定效果成分决定效果。	0
姐妹听好了，姊妹啊，我碧生源很多姐妹，你没有喝过，是不是姊妹？	0
,咱们在缺乏它,我们身体是会向咱发出一些信号跟提醒的.	2
到那个时候啊,如果一直不管它,为啥我们啃大骨头似的,外边包的这层脆骨啊就没法用了.人工支架咱就得用起来.	2
以姐妹有斑,通过内服去清扫霉斑去预斑	2
宝贝哈是这样的，而且再加上就是我们家这款维e是天然的一个维生素，e里面是没有添加到任何其他的一些化学的元素零添，剂林防腐，零色素零、素。	0
四、我跟大家刷赠品，兰蔻和夏天先听礼物的事儿哈。	0
万千姐妹认可回购度高,它的效果明显	2
的一个认证FDA的一个安全认证	0
替代他汀类	2
它是明确把腻服美容对咱一个色斑的.	2
如果今天来到直播间，所有姐妹们讲，我就想要想吃点补点的，对不对？	0
常年去吃没有任何影响	2
靠数据来征服大家买别人的油仨月俩月的啥都感受不到,因为它的鱼油浓度不够,咱们家鱼油,你看好了高含量的一粒儿,相当于普通的六粒.	1
我们是天然维生素e呀,我们是管理脸上斑斑,点点小阴影呀.我们是有斑,我帮你清除斑,没有斑,我帮你预防斑斑而	2
补补充八种素里里特别别添了激素BBBB六、b十二叶酸泛酸生物素和烟酰胺。	0
因为一号链接现在直接就是给大家做到一个什么节。	0
咱复印店里啊都是有卖的。	0
认准大牌广安集团世界五百强补儿八经一个样品.再一个PSC中国人猫给咱做承保大牌,让你买的安心吃的放心	2
嗯，欢迎你们，欢迎大家，谢谢你给我点赞哈，然后帮我点个关注吧，我的关注不够哦，我的数据不够哦，所有宝宝帮我点个免费的关注，可以吗？	0
对，你说咱买杯奶茶还要大几十呢，吃完喝完什么也都没有，什么也都看不见了，是不是今天在咱直播间呢？	0
江中是五十五年国货大品牌都是有质量保证的，买这种东西不要买那些其他的一些杂牌，或者是白拍，或者是三五宝贝们，因为那些都是没有品质保障，而且今天七天物流运费险都是安排到位，而且满意我们就留不喜欢不满意，就是主播说的不一样，都是可以退哦，对的。	0
再一个PSC中国人保给大家承保的大品牌的	2
预防	2
赠品呢多买多划算，拍一单少一单的，想早拍早享受呢。	0
咱b族是管咱们身体的营养素	2
医生.它一定是能够立竿见影的.	2
对的啊，二十五岁以上年龄性到三十，加到我们一个四十，加到我们一个五十加的一个情况下，都是推荐我们直接去首选一下来我们家这款的一个天然的一个维生素e就可以了。	0
像咱们家养生堂天然维c之所以叫做天然维c配料两干净,咱们才能多c多美丽,多c才能多健康.维c四号链接,咱们家天然维e就不用多说了,好多直播间的老粉姐妹吃.	2
,它就会越来越窄,再不管它就要被堵住了,咱就给它冲一冲了,还不管它人工支架就得用起来了.当然那时候家人们不花几十块钱的事,一次就得十几万块.	2
这个维生素主要要有两大效果.第一大效果就是针对斑,像我们的黄褐斑雀斑老,斑都管事就就在长,斑咱不干预以	2
你要是有斑,我们就通过内服来去清扫斑,没有斑去孕育房	2
所以说啊家人们今天呢欢迎各位来到咱国药工厂直播间啊，今天呢既然来到咱工厂直播间了，相信啊我们工厂呢是没有中间商零售上的层层加价的啊，今天咱们不求利润，只求涨粉啦。	0
经过明星达人亲测好用管理的宝贝,根据咱们的一个需求你,去选择只选对的不选贵的三款产品鲜茶,肠清、以及肠润茶都是不同的.	2
单盒只播们啊，十十二块钱，家人们一包咱们家，我们家哈烟前价格就直接带回去了。	0
所以咱要通过内服的形式功有我我们去清扫斑,没有斑,我们去预防来避免我们	2
今天咱这个活动呢也只限于咱直播间的姐妹。	0
?它不能从根本上去处理,而且会对咱身体里面这些造成损伤喝喝咱们家的茶唉,去滋养到他们可以减轻咱的一个负担,	2
我们是安徽圣泉药业厂家直销工厂直发，没有中间商，没有代理商，没有零售商赚差价。	0
好的，能单单宝宝贝抓紧时间秒拍秒付，不要卡，我们主播库存。	0
咱们这一次要囤货复购,家人们您抓紧时间了,谁抢的就是谁的.	2
你像这些问题都是因为你长期缺少到一个钙钙,那长期去缺少钙,我现在是需要去补钙的呀.为什么其其像现夏夏天伏伏天,个个季节稍稍微晒晒太阳?你的补钙它是能够得到一个事半功倍的.是的,所以今天大家如果想去买钙,一定要抓紧时间把我们补钙.	2
如果说你实在是控制饱水的温度，牛奶、果汁酸奶倒在一起搅拌着喝，你再不然你就让它干吃，干嚼也行，好吧，干吃干嚼牛，它的味道是淡淡的奶香味儿。	0
秋香宝贝，大家帮我做个证，我刚才帮你回复过了，你刚才可能没有听到，可能是卡了，可能是没有注意听我刚才有回复到公平的问题，我一定会回答。	0
市面上的维生素大部分都只有b一或者b二,营养单一,价格高.	1
最后两分钟吧，两分钟我讲吃吧，讲完吃吧再结束好吧，来有拍的呢，大家看好具具怎么支啊啊，来号链链接。	0
我们的身体会很智慧,身体会缺乏这个维生素b族一样,来给我们发出一些信号来提醒我们,该把营养补充到位了	2
如果说咱们早晨和中午没有时间的话，晚上咱们感受好的话，晚上去吃也是可以的，饭后去吃啊。	0
咱是工厂直发的,没有中间商,又遇上周年活动活动,就这一次咱囤货复购的家人们抓紧时间,谁抢的就是谁的一号链接,咱五十九块九到手是三百六十粒鱼油,买一次吃,一年补贴名额就四单了.	2
不拍下播了啊，现在此时拍下的主播，现在下播亲自给你们打单子，咱们这样不懂不清楚的飘出来啊，我给你姐妹更专业。	0
所以姐妹吃就至大品牌国家把天然二字内服美容祛斑的功效批在,	2
啊，哎可以在这个事情上安心啊，可以安心的来有没有新进来的宝贝们啊，新进来的宝贝们啊，欢迎你们啊，咱们家呢啊是一个博麦斯的专场直播间。	0
抽烟族们，大家今天啊来对了哈，咱就是来帮助到大家的，大家没点关注，可以给我们点个关注。	0
宝贝是这样的。	0
你买买别人的鱼油,你想一下俩月仨一子啥都感受不到,是因为鱼油的浓度不够颗粒来凑.	1
对，适合了它呢也是一个周期的，它可以给咱身体呢由内而外得到一个改善。	0
您是可以长期复用,他们对身体没有负担,我们家有很多老粉吃了好多年时间了,是不是呃维生素e可以负买?如果你只想针对黄褐斑晒斑雀斑,老年斑妊娠斑,我皮肤素颜是走下坡路.	2
咱五十九块九到手的整整三大瓶，三大瓶是三百六十粒，买一次能吃一年，家人们放心拍放心袋，很多家人就在担心。	0
重点来了几天买过之后如何吃吃多少？	0
需要的家人,你抓紧时间去捡捡漏,还有最后三单谁抢到就是谁的.	2
啊，来啊，咱们看到了啊。	0
天花板	1
呀，晚睡的年满十八岁以上的入睡比较困难的啊，咱们都可以去拍一号链接哈。	0
首先的话呢是这个橘粉里面，它含有的一个膳食纤维含量是比较高。	0
肚肚积屎啊?打嗝啊	2
没有副作用	2
对身体没有什么负担的	2
一个棒的平时生活习惯不规律，饮食作息习惯不规律，经常熬夜压力大，男性抽烟、喝酒应酬多，咱经常吃外卖快餐的饮食作息不规律的话，咱吃b族b族在三号链接，它是给我们身体做保养的，因让孩们身体倍儿棒的。	0
纳豆激酶、尿激霉素和纳豆激霉素是同苯同源的	2
家人们来告诉我啊，我去给你一对一的去搅明白，讲清楚。	0
所以它不会有任何的伤害,不会有任何的副作用,能明白不对的啊,里面光成分也是健康的植物成分.	2
什么作用去给我们恢复免疫力的能力的这是我们皮肤姐妹们，你也知道皮肤我们紧啊，嘭啊弹啊，是因为皮肤底下有满满的胶原在支撑，对不对？	0
用温水冲服，它什么时间喝都行。	0
所以说我们直播间价格的话，我们相对来说呢会比较的一个划算了。	0
回购的自信不是靠嘴吹的,靠数据来征服大家买别人家的油仨月俩月啥都感受不到.	1
我们来给大家讲解介绍都是可以的。	0
咱们血管还得给它清洗清洗对	2
咱要以内养外的形式跟我们的同龄人呢在视觉上拉开一个年龄上的差距,来让我们状态更加年轻态.	2
而且我们李世民博士人家这一辈子就只研究这一件事情，就是喝胶原代胶原把胶原蛋白，对不对？	0
那么咱吸收能力啊也是越来越差了。	0
皮肤问题	2
度,你哪怕你是甘油三酯,有点高的,胆固醇有点高的,没事的熬熬熬能熬一些时间.但是你一旦低密度脂蛋白开始变高之后,你的身体就熬不住了,说明你身体面大量的产生半块了.	2
所以要通过内,有斑去清扫斑没斑去预防来让我们的脸蛋更干,	2
它具备有国家认证的一个确切去黄褐斑的一个天然认证的啊,而且它里面全部都是天然的维e成分.	2
短时间达到	2
如果说您的问题时间比较长了，一年两年三年的建议拍三链接，三链接二十盒。	0
有一些小问题,小毛病会有哈会有对被咱们呢给拖着,被咱们给等着,是不是慢慢的就会酿成一些大问题,越拖呢问题就会越严重.慢慢的对咱们后面所花的这个时间花的这个精力只会更多,不说咱身体跟着咱遭罪,对不对?	2
这个时候随着我们年纪中嗯这个时候随随着我们年纪增长逐渐沉积,很多脏东西粘充东西.如果说你一直不管它,它就会越来越窄,还不管它就要被堵住了,咱就给它冲一冲了,还不管它人工支架就能用起来了.到那时候,家人们不是花几十块钱的事儿,一次就得十几万块.	2
国家批准的功效可以跟我们的平时用的一些乳液混合去涂脸,特别管事,	2
钙吸收	2
帮我备注登记一下，安排三十包试喝啊。	0
一些大问题是不是越拖问题就会越严重,越拖问题就越严重.是不是姐妹对咱们后面呢再花的这个时间花的这个精力只会更多.不说咱身体跟着咱遭罪,对身体跟着咱遭罪哈	2
早上一定要吃靠维c	2
促进钙吸收	0
天花板	1
它会比单拍更加划算,会比你单独选择一款产品效果更加好.	2
,它就对我们的皮肤就对我们身体好,能够以内养胃去清扫斑.预防.	2
我们是经过国家审批临床把关;针对黄褐斑有斑的去清眸,除	1
眼睛问题	2
入口的东西的话呢，首先是得配料比较干净，呃，喝起来才能放心的，对不对？	0
诱导	2
保养预防	2
我们想要去清除没斑,我怕长斑,我想去预防痘我,肤比较粗糙我上,容易卡粉的对不对,那咱维生素e宝贝,您都可以去吃	2
所以你有任何不明白的问题，都可以打到咱们的公屏上，咱们要带带着衣离拍就对了，好不好？	0
活动结束之后,谁拍都是一瓶需要的,家人们赶紧捡捡漏,还有两单,谁抢到就是谁的.	2
眼眼眼前一片黑,不管大家是几年十几年,现在还没有吃下鱼油的,抓紧时间,现在吃还不晚,方向不对,努力全白费.如果说你一直不管它,它就会越来越窄,你再不管它它被堵住了,就得冲冲冲来,对不对?还不管它,人工支架就得用起来了.家人们到时候可就不是花几十块钱的事儿了,一次就得十几万块.	2
是以今天在我们直播间，所有哥哥姐们，对不对？	0
二号链接VEVC经典组合搭配。	0
如果说链接亏损，我们家幺二九来倒数五秒钟，最后两单的全部把它踢出来。	0
代言,有冠军给咱们成人把关,咱们吃的安心吃放心,包括咱们配料表,宝贝都是干干净净的,没有乱七八糟的东西,而且是无正常型的.	2
源自于美国科学新营养品牌naturreskey五十三年的老品牌，一号链接的褪黑素睡眠软。	0
我们一号链接，一号链接是我们的一个睡眠小软糖。	0
愈合房	2
都知道维e维c天然成分，它可以长期吃嘛，吃的时间越久，我们皮肤状态会更好的。	0
懂再问我皮肤的保养选择VE加VC有斑的怕长斑的皮肤,想维持一个什么一个年轻态的选维e皮肤素颜憔悴,素颜不自信,皮肤不抗躁、不抗打免疫力,害不好就去吃维生素c	2
它是明确把内副美容对咱一个色斑的效果批注到瓶子上面,把它的核心功效VVC都批注到瓶子上面了.	2
包括有很多明星啊,达人都在吃,我自己有使用过,真心实给大家推荐的.	2
白大褂,抓紧时间	2
这些产品呢对咱们身体是没有任何负担的	2
诱导	2
我们现在还有十六分钟时间，咱们就要下播了。	0
很多家人担心好不好？	0
虽然平时各种过渡啊,对吧?然后去消耗它,导致咱们的心脏会越来越不堪重负的.您可以发现您可以自己对照一下这些小型肝是不是出现就一些信号了呀,对吧?	2
就这一次你活动就这一次，家人们要囤货，要复购的家人，你抓紧时间了，谁抢到就是谁的等待这个家人，咱家就是早饭后随餐吃更好吸收家人一号链接，五十九块九到手是三百六十粒鱼油，买一次吃一年补贴补贴名额，咱就四单四单抢抢完补结结束，谁拍都是一瓶运费险，七天无理由主播都给大家安排好了以后再想吃上，既便宜又管用的油，咱真的就没有那么容易了。	0
不管它人工支架就要用起来吧.到那个时候,您可不是花几几十块钱事儿,一次就得十几万.那血管还得给它清洗洗	2
还有就是呢像我们大家，我们经常就需要熬夜的月亮补睡，你不睡的熬夜学习，熬夜工作，熬夜代娃啊。	0
想跟我们的同龄人拉开一个视觉上的一个差距,不想老的太快的.咱们状态更加好的,你把维生素吃起来	2
而且我们家的维生素是经过国家审批,经过临床把关	2
防肺炎屑病神春软胶囊质地啊，宝贝不荟茶，防便薄夜，防垫的长期坚持治不便秘啊，做到不伤肚子，不伤胃，特别温和。	0
不管是咱们的爸爸妈妈、爷爷、奶奶一家人都是能喝起来的。	0
所有姐妹啊，如果说你才刚刚只喝个一两天时间，您就希望能有一个非常明显的改变，那必然是没有的。	0
收到货的每一盒全部都新鲜日期，保质期二十四个月。	0
所以说日常喝长期喝都是比较好。	0
,黄褐斑妊娠斑、晒斑雀斑.老年斑维生素e是经过国家审批临床把关的	1
维生素e呢管你脸上色斑,管你脸上小印印有斑,我帮你清除斑,没有斑,我帮你预防斑贴.黄褐斑老年斑晒斑色斑皮肤,有光泽了都可以,买它.	2
宝贝维生素b族是吃一片补了八样，它是对身体给身体补充八种营养的。	0
甘油三酯低密度蛋白胆固醇	0
今天都发走两三天，咱就收到了。	0
对，为大家呢是不是对让大家呢没有后顾之忧哈。	0
管还得给它清洗清洗对	2
对的，新老朋友们，如果说我们是孕妇补补钙的对，初中生高中生、大学生中老年人群啊，想要说选一款钙含量高的帮活助大。	0
去养外有斑清扫斑没斑去预防让,们状态更好	2
血管还得给它清洗清洗啊对,咱世界百强正儿八经药起PICC中国人保敢做承保的大品牌儿	2
老的快了,一定要吃维e.	2
是的,像这种情况啊,如果你吃了就拉拉不出来口干口苦口臭或脸上出油长们包咱,家们一定要吃咱们家益生菌啊.	2
家人们两个大骨头.关节里面的软骨是要呃关节里面是要靠软骨去给你润滑的.你不一下下,每骨给给你润滑下都要靠小关节里面的软骨给你滑滑.你不去补软骨钙吗?家人们,你不去补软骨钙,就像时间小关节节里面年年滑了,就就是那个用生锈的老机器器样样动起来,嘎嘎嘎吱的磨损呀,磨着磨着把里面全都给你磨坏了.所以说家人们中年人老年人一定要去把免疫力就吃起.	2
你要是想要大的两百粒VE在一号链接，第三个，一百三十九，两百粒的VE送一支护手霜，送五条胶蛋白，这是一号。	0
他会说自己进行一个缝缝补补,奶莉草加上阳剂两大双剂协同增效,帮它进行一个缝缝补补.	2
咱们姐妹有问题的话，也可以来问我哈。	0
这一辈子孩子大脑发育的关键时期,那就在零岁到十八岁呀,你等到孩子十八岁以后了,高考结束了,你想起来给孩子吃了,你不觉得有点晚,有点来不及吗?你想起来给孩子吃了,你不觉得有点来不及,有点晚嘛,年龄越小啊,大脑发育的速度越快呀.你想想,你是在孩子年龄小的时候大不发育速度快的时候给孩子吃,还是等到孩子年龄大了,慢慢的都开始不发育了再给孩子吃呢?	2
来家人们直接给你看一下，我们家配料不要干干净净，没有什么添加剂用很。	0
有任何问题来问主播主播给大家一对一这个讲解包播直播间的一个姐妹左上角都可以点开头像看一看我们是抖音官方保v食品标。	0
它的功效是国家篇	2
一定要吃	2
所以营养全面，配方专些，效果又好吃了。	0
临床、专利	2
直接供货给一百多支国际性奥林匹克职业专用的队上万多名运动员在用的姐	2
肤色比较暗沉,蜡黄的肤脸,不够白净的黄褐斑,老年斑晒斑色斑皮肤没有光泽感去买我,家天然维生素但维生,e,够明的把e容去黄褐斑批注在产品包装上有斑我帮你清除没有斑,帮你.	2
好吧,咱们要不要带的一律去下单,咱们家呢是食品级的益生菌,买的放心车,甘心不管是三十升的孩子,孩子百岁家老人、宝妈、孕妈、父亲妈妈都能喝的,三到六岁的孩.	2
第二个想要量多的四号。	0
我们去清扫斑霉斑,去预防孕	2
品牌走的更长久,一定是天然的纯纯天然的国家p的e和c维c其实你更要吃维c,让你的免疫力更好,体质弱的免疫力差的,或者是你想就是你不是嗯刚做完这个这个这个问题嘛,你更要吃维c,让你的体质更好,素颜更好看.维c也.	2
这款天然的维生素c天然维c呢它是明确把咱免某的一个作用批注到瓶身上面的三岁以上,	2
哦，哦，没事，可以，我五个小时可以的，我你你可不可以说不屁要，你不需要太快是吧？	0
黄褐斑的一个效果来.直接标注在咱们这个瓶身上面了.如果说你们就是有想要这样有想要这样的一个效果的宝宝们,就是推荐们直接去选择一下我们家这款的一个维生素e就可以了.	2
所以每个人都需要,因为为个人都怕老老爱,每每度致致,都怕脸行长斑嘛.	2
特别是受困于咱们关关节节和咱们软骨问题的	2
我们的每款产品怎么申请到都讲，我们专场作为价格加盟。	0
干干酸酸的,涩涩的发痒,流泪不太舒服,小手又是扣,又是挠红红一片的啊	2
天然维生素e.天然维生素e呢能够明确的把美容去黄褐斑批注在产品包装上有斑,我帮你光除斑,没有斑,我帮你预防斑而,天然维生素还,e,生育分生育分生育分帮你保好的,育系统.	2
,没斑的姐妹去预防来让、功效国家认证的就是你看一下	2
如果咱们一味的不去管它啊,你魔它时间久了呢就会出现酸痛肿胀了.像咱们吃的大骨头一样啊,外面包裹的脆果就没法用了,这得换零部件了.家人们那个时候啊,咱人工支架就得安排起来了,你遭罪家人受累啊,到那个时候咱就不是五十九块九是了.	2
Da生育酚，它就是专门补助巢里面所需要的一个营养成分啊，就是因为卵巢里面这个成分不够，才会导致刺激了我们这个特别是黄褐斑的一个生成，对吧？	0
对我们身体好,能够以内去养胃,去清扫脸上的斑	2
咱们呢有做过大数据调查,百分之九十以上,咱们这方面的群口腔里面多多少少有一些小问题	2
把年龄可以告。	0
要有斑,你通过我们内服去清扫斑,你而没有斑去预防来让我们的脸蛋儿更干净	2
可以长期去吃以内去养外有斑,去清扫斑没斑,去预防障状态更好	2
抓紧时候砸几个脚，对不对？	0
因为咱是工厂直发,没有中间商遇见了,中间遇上了中年活动活动,就这一次要囤货,要复购的家人,你抓紧时间了,谁抢到就是谁的一号链接.	2
我们的肠道是不是也会比较健康啊？	0
七四幺六，这位朋友有没有拍到，有没有买到呢？	0
那么今天之所以会这么划算，因为咱们今天是品牌会员日的活动是更加划算的。	0
像我们老粉宝贝可以直接去冲我们的二号跟三号链接哈,今天拍的越多越划算哈,宝贝们抓紧时间去拍,去抢一下了哈.	2
尤其是早上起来的时候，那个味道自己都闻的不舒服，己所不欲勿敷人，对吧？	0
橘粉的话呢，它又被叫做益生元，益生元呢它是可以维持。	0
二号链接VE是不一样的。	0
强有力的功效型	2
这个的话呢是我们的一个入境检验检验证明啊，这里输出活就是比利时原材料呢都是来自于比利时进口的。	0
硬骨问题给你管,软骨问题给你管,收缩密度差的问题给你管,磕到碰到摔倒容易出现骨折的问题给你管,从根本上从根源上去解决.	2
所以经过大家认可的,经过市场验证的产品,你根本不用纠结,你不用怀疑品质,也不用怀疑效果.	2
这两款它的区别在于，仙人茶就只适用于小目标小技术，日常做约束做改善。	0
男生女生要一起去吃,能够结合出一个满分的宝宝	2
我们这款蛋白粉要拍药，带的话呢，我们可以直播间拍直播间带了哈。	0
没付款的话，开始踢单了，踢掉再来拍六十九块九中一盒。	0
佛手干也是自独独家成分吃法，看公平姐妹们。	0
有斑的,怕长斑的皮肤.二十五加三十五岁以后,皮肤想保养的,你想比水乳精华面霜有效果的养生堂品牌.今年三十年,我们是一定不让你失望的	2
以内养外	1
是这样的，姐妹，如果你现在咱们出现问题比较多，或者你比较完美固什么之类的，咱们就按照你的情况给你分析。	0
精气水的也会高大一点，是不是呀？	0
好用。	0
效果是更好的维生素.VC,们随着年龄往VE有色斑的姐妹你去维e.帮们从根源上解这个问题.那没有色斑的姐妹,你可以来吃维生素e,帮助我们去预防	2
选深海鱼油,选大品牌广药集团世界五百强正儿八经的药企.再一个PICC中国人保给咱承保的大品牌,你买的安心,您吃的也放心.	2
钙吸收	0
有哪些家人要立刻吃起来山海油,你听好了,像大家有事没没事,来,一根喝一杯的,三高的,你拿着手.	2
一罐橘粉三百克里面的话呢有两百八十克左右，都是膳食纤维。	0
无效退款	2
如果说啊你有我说的以上几种情况的一种,我可以告诉你,你已经便秘了,便秘不调理啊,你会发现排便越来越费劲儿,从而肚胀肚硬放屁臭,晚上啊翻来覆去,难以入睡,就会菜色暗淡无光,胃口不佳,食欲症,这啊就会影响我们正常的社交生活,那怎么办?及早发现、重视调理和改善	2
谁拍谁带就一瓶,咱集团不会再补贴了,需要的家人,你赶紧去捡捡漏,还有宙私单,谁抢到就是谁的.不管您是几年十几年,你现在还没有吃起来深海鱼油的抓紧时间,现在吃还不晚,方向不对?如果说家人们你一直不管它,它就会越来越窄,时间久了就没被堵住,咱就得冲冲它,对不对?还不管它人工支架就得用起来了到时,就不是花几十块钱的事儿了一次就,十几万块.	2
这个时候不要再犹豫,一号链接一定要去吃起来.	2
今天我们直播间里边直接三百六十八，不要了，三百六十八，不要了。	0
过内服的形式有斑去清扫斑,没有斑.我们去预防避,	2
每一盒的话，家人们咱们都是一个正装。	0
候是我们粘链子上逐渐沉积很多脏的东西,粘稠东西.如果你一直不管它,它就会越来越窄,再不管就被堵住了,就会冲一冲,对不对?还不管它人跟我指什么价就得用起来了.家人们	2
吃维e通过内服去清扫,没有斑预防	2
没有办法,用了人工支架,什么本儿就得用起来了,到时候不是五十九的事情了,两年换一次一次就得两万块了	2
所以我们家娜米，你不用担心，你是可以退的，是不是你是能退的啊，你不用担心好不？	0
咱身体呢是特别容易缺少b族养素的	2
各有各的作用的维生素e针对斑,针对皮肤的保养,以内养外给皮肤打底子,维持一个年轻态.维生素c针对肤色皮呃,	2
如如果说是是第一次了解的推荐，我们一号链接尝鲜装了。	0
他是习宝都容易让我们的心脏变得怎么样他,变得跟一个烂苹果一样烂苹,什么样子.小宝,您可能看他外表很完整,很精致,实际上从里面开始就已经开始坏掉了.但是小宝等到他爆雷之后,您想再花个几百几千,您想要去解决问题,您觉得能解决了吗?解决不了,说个不好听的,有可能您到时候您花个几十个都不一定能解决,而且其实最后遭罪难受的还.	2
,有斑去清扫斑,没班去预防	2
你可以通过内服去清扫斑,没有斑去预防	2
因为他们也是做担责的,而且都是有双冠军,为咱们做代言,有冠军给咱们承重把关.	2
没有任何的压力和负担,而且这是一款SC食品级别的钙家人们.	2
然后作为日日常补补充及补补充起来就行。	0
如果说都没有问题，我们后台老师呢三号链接哈，直接上链接。	0
它吸收效果非常好	2
像咱们家单茶这样的品质，大家错过，真的很难找得到的。	0
喝酒的话呢，他们两个的作用是一样的，好不好？	0
如果说家人们您的问理时间在半年之内，一两个月三盒月刚刚开始的拍一号就行了。	0
那再跟他说一下，咱们今天活动啊呃九百二十八半年半年量给大家额外多送一盒白芸豆。	0
咱就给它冲一冲了,还不管它人共支架就能用起来了.但那时候家人们不花几几十块钱的事儿,	2
那我们这个身体就会发出很多不太好的一些信号	2
个TICC中国人保给咱承保的大品牌	2
山上种的地上摘的老一辈流传的好东西，都是好用管用的直播间。	0
通过内服来去清扫斑霉斑去预防来让我们的脸	2
骨头跟骨头之间不断的一个摩擦,摩擦久了的话,他就会咔嘎像再久一点的话,它就会酸疼肿胀了.如果说你一直不管它的话,咱们的一个小问题是就变成了一个大毛病了.	2
线下呢一般需要一百多、两百多，甚至我们三百多的产品。	0
我们不管在日常的这个生理期、孕期、备孕期、哺乳期，还是说我们在哪个阶段女孩子呢？	0
像今天来我直播间的一果姐妹，你在纠结在犹豫的认准了，咱们呢是smile的一个官方直播间，官方旗舰店售前有服务，售后有保障。	0
没关系，你带过去感受一下，喜欢满意，您留下不选不满意，直接来找我。	0
家人们鲨鱼软骨素鲨鱼软骨粉含量百分之二十八啊,是别家三倍四倍了,软骨用补一起补.	2
短时间	2
益生菌牙膏刷牙时乳生菌,但是咱们要漱口漱口呢又把益生菌吐走了,都是一些表面功夫哦,选对方法更加重要.	2
你现在还没有吃起来鱼油的,咱抓紧时间,现在吃还不晚,方向不对,努力全白费,你选对产品是很重要的.	2
第二天早上起床空腹腹喝上杯杯粉，它呢是可以做一个大餐。	0
宝子们b组是给身体补充营养的,我们身体需要啊,我们长期熬夜加班,压力比较大,作息不规律.我们身体容易缺乏营养啊,当身体缺乏它的时候,我们身体是会向咱发出信号和提醒的	2
但是你今天在我直播间，我只要大家多少钱？	0
什么是软骨？	0
两百八十克里面都是一个膳食纤维，高达量是在九十三点三的。	0
我跟大家仔确的去讲，之前六幺八我都没有送，今天给大家推送，送给大家，一定要带回家，不要枉费了。	0
到手呢还不到一百块钱，是不是对新人体验价嘛？	0
党的平时久坐不动女生，她。	0
能够让咱素颜好看.你素颜好看了,穿什么衣服都百搭都显嫩都显小.	2
那直播间的姐妹们纠结犹豫徘徊的，还剩最后两单就要结单了啊，赶紧去拼手速啦。	0
去清扫斑没斑去	2
买别人家鱼油,你想一下俩月仨月的,你啥都感受不到,是因为油的浓度不够.	1
啊，所以呢宝爸宝妈们也是可以放心的去购买的。	0
唯一跟我们b组都是一天一粒温水吞服，所以咱早CB晚c吃吃吃法，大家可以图图啊，宝那像三款维生素。	0
你抓紧时间，趁我还在直播的时候购买。	0
它没有办法从根源上解决问题VVC内服保养真正以内去往外帮我们清扫身体.	2
体脂率、维度	2
咱家呢都是回头客认真体验感受过的家人们呢都拿到结果了。	0
Vvc一起拍拍一号链接，组合装选项。	0
亲们，我们脸上有斑了，脸上有纹的，你不知道怎么搭配的。	0
拼手速,拼网速.家人们过了这个村儿,没有这个店家,人们谁拍到是谁的啊?	2
咱今天就是来帮助到大家的,平时大家有没有感觉经常啊手哇脚的麻酥墩木墩墩的脑袋瓜晕晕乎乎,心脏就心里不舒服,大家知道吗?这个就是你血管不通畅了,堵上的一个原因,所以瓶瓶药片咱一直在吃吃来.	2
还有没有拍的家们,咱抓紧时间去拍,抓紧时间去抢了啊.	2
身体没有负担	2
人家说帮咱帮助别人了，也是一件好事情来的，对不对？	0
所以呢给宝宝吃的时候也可以更加放心，更加安心。	0
扫斑没斑晕,抹防,让脸蛋更干净,它也是国家批准的功效,把	2
姐妹救人宝贝贝长们的姐妹啊。	0
你像市面上的维生素,一般只包含了单独的b一或单独的b二,营养单一,不能够同时摄入.	1
写哈等咱们说的，就咱们吃法的话，就是随时吃，随时来问你。	0
你们都会去外面买到一些护肤品，宝贝护肤品，它是只能做一个日常保养来的啊，你像我自己作为气。	0
那你今天来到我直播间，我希望大家带走的是什么？	0
,咱们就选深海鱼油,认准大品牌广耀集团世界五百强正八型药企.再一个PICC中国人保给大家承保的啊,大品牌的,你买的.	2
